order_id,customer_id,product_id,order_date,quantity,unit_price,discount_percent,order_status,total_amount
50001,1528,64,2025-05-09,4,359,15,Cancelled,1220.6
50002,1273,18,2025-05-10,1,3891,20,Shipped,3112.8
50003,1160,47,2025-03-01,5,2845,5,Cancelled,13513.75
50004,1870,44,2025-02-17,3,3638,0,Shipped,10914.0
50005,1762,93,2025-01-29,4,2505,10,Delivered,9018.0
50006,1224,59,2025-04-07,4,1300,0,Delivered,5200.0
50007,1256,50,2025-01-10,1,572,10,Delivered,514.8
50008,1180,69,2025-08-30,1,8955,5,Delivered,8507.25
50009,1020,88,2025-11-10,5,1747,15,Delivered,7424.75
50010,1624,29,2025-08-20,3,9500,5,Shipped,27075.0
50011,1632,93,2025-10-04,4,2505,15,Delivered,8517.0
50012,1706,90,2025-10-11,5,3812,10,Delivered,17154.0
50013,1468,67,2025-07-22,5,607,20,Delivered,2428.0
50014,1623,2,2025-09-04,1,57785,0,Delivered,57785.0
50015,1210,25,2025-10-17,4,6352,0,Delivered,25408.0
50016,1513,19,2025-09-21,2,674,15,Delivered,1145.8
50017,1058,40,2025-08-02,1,1647,5,Delivered,1564.65
50018,1093,2,2025-07-19,4,57785,5,Delivered,219583.0
50019,1221,83,2025-03-20,5,2484,20,Delivered,9936.0
50020,1723,65,2025-12-09,5,5691,5,Delivered,27032.25
50021,1940,62,2025-12-10,3,1390,5,Delivered,3961.5
50022,1232,91,2025-06-22,2,2159,0,Delivered,4318.0
50023,1774,54,2025-03-10,1,1443,5,Delivered,1370.85
50024,1364,45,2025-03-28,3,3163,10,Delivered,8540.1
50025,1615,49,2025-04-11,3,523,5,Delivered,1490.55
50026,1562,69,2025-01-08,2,8955,10,Delivered,16119.0
50027,1374,38,2025-11-29,1,3591,5,Cancelled,3411.45
50028,1622,4,2025-07-19,1,63568,15,Delivered,54032.8
50029,1456,17,2025-03-28,5,5032,0,Delivered,25160.0
50030,1088,53,2025-02-12,1,1998,15,Shipped,1698.3
50031,1020,85,2025-04-19,3,1329,20,Cancelled,3189.6
50032,1014,53,2025-06-01,5,1998,10,Delivered,8991.0
50033,1133,31,2025-01-17,1,5642,5,Shipped,5359.9
50034,1937,22,2025-05-13,2,5843,0,Shipped,11686.0
50035,1808,11,2025-05-28,3,29180,0,Delivered,87540.0
50036,1034,34,2025-10-04,4,5777,10,Delivered,20797.2
50037,1892,15,2025-08-20,2,48708,0,Delivered,97416.0
50038,1208,10,2025-11-10,2,2360,15,Delivered,4012.0
50039,1813,96,2025-08-16,1,3341,20,Delivered,2672.8
50040,1199,53,2025-05-19,5,1998,0,Delivered,9990.0
50041,1592,48,2025-07-30,5,1314,5,Shipped,6241.5
50042,1583,31,2025-01-28,3,5642,20,Shipped,13540.8
50043,1155,37,2025-02-20,1,3372,5,Cancelled,3203.4
50044,1590,28,2025-09-18,5,11336,10,Delivered,51012.0
50045,1078,31,2025-09-18,4,5642,10,Delivered,20311.2
50046,1172,70,2025-12-16,1,5295,0,Shipped,5295.0
50047,1289,14,2025-12-18,1,30827,20,Delivered,24661.6
50048,1545,87,2025-01-08,5,3442,15,Delivered,14628.5
50049,1812,16,2025-11-16,2,5503,0,Shipped,11006.0
50050,1788,25,2025-05-18,1,6352,0,Delivered,6352.0
50051,1879,39,2025-02-07,2,5508,20,Delivered,8812.8
50052,1420,66,2025-04-21,3,4611,10,Delivered,12449.7
50053,1007,38,2025-08-08,3,3591,0,Delivered,10773.0
50054,1160,41,2025-12-03,5,1300,0,Delivered,6500.0
50055,1240,40,2025-08-11,3,1647,0,Delivered,4941.0
50056,1963,64,2025-05-16,5,359,20,Delivered,1436.0
50057,1423,89,2025-09-13,5,2795,5,Shipped,13276.25
50058,1989,16,2025-12-26,2,5503,5,Delivered,10455.7
50059,1536,82,2025-11-25,2,539,20,Delivered,862.4
50060,1726,77,2025-02-18,3,6497,10,Delivered,17541.9
50061,1070,59,2025-10-19,2,1300,10,Delivered,2340.0
50062,1880,91,2025-11-20,1,2159,20,Cancelled,1727.2
50063,1216,11,2025-03-19,4,29180,0,Delivered,116720.0
50064,1104,1,2025-04-15,1,23231,20,Delivered,18584.8
50065,1727,13,2025-06-18,1,61115,0,Delivered,61115.0
50066,1054,30,2025-08-05,5,1539,5,Delivered,7310.25
50067,1806,69,2025-04-29,4,8955,5,Shipped,34029.0
50068,1330,18,2025-07-09,5,3891,20,Shipped,15564.0
50069,1848,78,2025-09-12,2,4659,5,Delivered,8852.1
50070,1203,13,2025-09-23,2,61115,0,Shipped,122230.0
50071,1288,32,2025-05-29,4,6594,0,Delivered,26376.0
50072,1045,71,2025-06-13,3,6182,5,Delivered,17618.7
50073,1829,72,2025-05-20,2,7974,10,Delivered,14353.2
50074,1198,50,2025-12-13,1,572,10,Delivered,514.8
50075,1216,71,2025-09-15,4,6182,15,Delivered,21018.8
50076,1481,80,2025-09-26,4,936,15,Cancelled,3182.4
50077,1309,31,2025-06-30,2,5642,10,Delivered,10155.6
50078,1896,51,2025-06-09,2,1643,10,Delivered,2957.4
50079,1435,27,2025-12-17,5,2239,5,Delivered,10635.25
50080,1332,60,2025-10-15,5,1543,20,Delivered,6172.0
50081,1696,33,2025-10-15,1,2333,0,Delivered,2333.0
50082,1027,53,2025-08-14,4,1998,5,Delivered,7592.4
50083,1166,93,2025-01-11,3,2505,10,Delivered,6763.5
50084,1318,72,2025-01-10,3,7974,20,Delivered,19137.6
50085,1274,33,2025-09-28,4,2333,10,Delivered,8398.8
50086,1383,41,2025-09-30,1,1300,15,Delivered,1105.0
50087,1365,19,2025-07-02,5,674,0,Delivered,3370.0
50088,1103,85,2025-06-02,5,1329,10,Delivered,5980.5
50089,1960,41,2025-11-11,5,1300,5,Cancelled,6175.0
50090,1503,85,2025-11-30,3,1329,15,Delivered,3388.95
50091,1845,89,2025-05-04,3,2795,5,Delivered,7965.75
50092,1373,42,2025-04-24,1,1121,5,Delivered,1064.95
50093,1616,23,2025-10-05,3,929,0,Delivered,2787.0
50094,1926,75,2025-08-01,2,2226,5,Delivered,4229.4
50095,1245,33,2025-06-21,3,2333,0,Delivered,6999.0
50096,1817,20,2025-10-15,5,3455,5,Delivered,16411.25
50097,1169,25,2025-06-23,1,6352,0,Delivered,6352.0
50098,1628,90,2025-04-23,4,3812,5,Shipped,14485.6
50099,1653,52,2025-05-02,4,644,0,Delivered,2576.0
50100,1418,12,2025-02-01,1,16882,5,Shipped,16037.9
50101,1356,32,2025-08-10,2,6594,0,Shipped,13188.0
50102,1478,33,2025-04-29,4,2333,5,Delivered,8865.4
50103,1125,74,2025-02-08,5,4507,5,Cancelled,21408.25
50104,1537,68,2025-09-25,4,636,15,Delivered,2162.4
50105,1706,15,2025-08-21,4,48708,10,Cancelled,175348.8
50106,1896,51,2025-01-18,5,1643,0,Delivered,8215.0
50107,1612,6,2025-05-29,3,4189,10,Delivered,11310.3
50108,1402,91,2025-05-29,2,2159,5,Delivered,4102.1
50109,1517,69,2025-05-06,5,8955,15,Delivered,38058.75
50110,1531,69,2025-10-29,5,8955,5,Delivered,42536.25
50111,1682,82,2025-12-26,1,539,10,Cancelled,485.1
50112,1786,92,2025-08-26,2,614,10,Cancelled,1105.2
50113,1254,35,2025-05-15,3,2774,20,Delivered,6657.6
50114,1121,86,2025-05-31,5,1725,0,Delivered,8625.0
50115,1032,34,2025-08-24,3,5777,20,Delivered,13864.8
50116,1661,63,2025-08-12,5,1576,10,Shipped,7092.0
50117,1778,68,2025-07-22,5,636,20,Delivered,2544.0
50118,1037,18,2025-09-13,1,3891,10,Shipped,3501.9
50119,1689,26,2025-03-27,4,2503,10,Delivered,9010.8
50120,1342,86,2025-05-30,2,1725,10,Delivered,3105.0
50121,1013,61,2025-08-23,1,1198,15,Delivered,1018.3
50122,1183,78,2025-12-11,3,4659,5,Delivered,13278.15
50123,1657,95,2025-01-22,5,2751,10,Delivered,12379.5
50124,1265,74,2025-12-14,5,4507,10,Delivered,20281.5
50125,1088,88,2025-10-12,2,1747,5,Delivered,3319.3
50126,1940,85,2025-09-26,1,1329,15,Delivered,1129.65
50127,1462,48,2025-09-15,1,1314,0,Delivered,1314.0
50128,1046,72,2025-01-29,3,7974,0,Delivered,23922.0
50129,1392,96,2025-08-01,1,3341,10,Delivered,3006.9
50130,1119,31,2025-10-10,1,5642,10,Delivered,5077.8
50131,1933,34,2025-02-19,4,5777,5,Delivered,21952.6
50132,1531,87,2025-04-05,2,3442,10,Delivered,6195.6
50133,1447,89,2025-03-29,1,2795,15,Delivered,2375.75
50134,1732,7,2025-02-13,3,27430,0,Cancelled,82290.0
50135,1942,83,2025-10-05,5,2484,10,Delivered,11178.0
50136,1745,7,2025-06-20,1,27430,15,Shipped,23315.5
50137,1606,47,2025-07-08,1,2845,5,Cancelled,2702.75
50138,1967,8,2025-12-19,5,28761,10,Delivered,129424.5
50139,1763,78,2025-07-03,4,4659,0,Delivered,18636.0
50140,1762,1,2025-01-03,2,23231,15,Delivered,39492.7
50141,1794,77,2025-07-10,4,6497,15,Delivered,22089.8
50142,1744,3,2025-04-28,3,51661,5,Delivered,147233.85
50143,1046,53,2025-01-19,1,1998,0,Delivered,1998.0
50144,1886,92,2025-01-23,4,614,10,Delivered,2210.4
50145,1508,38,2025-01-30,2,3591,10,Shipped,6463.8
50146,1558,51,2025-10-22,3,1643,20,Delivered,3943.2
50147,1971,15,2025-04-18,4,48708,5,Delivered,185090.4
50148,1526,67,2025-10-08,1,607,0,Delivered,607.0
50149,1597,64,2025-05-08,2,359,5,Delivered,682.1
50150,1831,68,2025-08-17,1,636,5,Delivered,604.2
50151,1840,5,2025-04-21,1,26815,0,Delivered,26815.0
50152,1003,90,2025-05-16,3,3812,20,Delivered,9148.8
50153,1028,89,2025-12-28,2,2795,0,Delivered,5590.0
50154,1381,10,2025-07-05,5,2360,10,Delivered,10620.0
50155,1157,8,2025-05-24,1,28761,5,Delivered,27322.95
50156,1855,12,2025-03-13,2,16882,10,Shipped,30387.6
50157,1914,64,2025-05-09,1,359,20,Delivered,287.2
50158,1931,59,2025-12-30,4,1300,10,Delivered,4680.0
50159,1511,67,2025-09-18,4,607,5,Delivered,2306.6
50160,1333,91,2025-01-03,2,2159,0,Delivered,4318.0
50161,1844,50,2025-04-14,3,572,15,Delivered,1458.6
50162,1687,23,2025-08-12,5,929,20,Delivered,3716.0
50163,1114,40,2025-11-16,4,1647,5,Cancelled,6258.6
50164,1389,78,2025-12-28,3,4659,10,Delivered,12579.3
50165,1487,87,2025-12-20,5,3442,10,Delivered,15489.0
50166,1843,95,2025-01-10,4,2751,10,Delivered,9903.6
50167,1250,77,2025-10-29,5,6497,20,Delivered,25988.0
50168,1571,76,2025-08-19,1,8093,5,Delivered,7688.35
50169,1715,18,2025-08-07,2,3891,10,Delivered,7003.8
50170,1315,21,2025-03-07,4,10532,5,Delivered,40021.6
50171,1239,1,2025-04-22,4,23231,10,Delivered,83631.6
50172,1234,38,2025-01-13,1,3591,5,Delivered,3411.45
50173,1303,41,2025-03-27,4,1300,10,Delivered,4680.0
50174,1607,42,2025-08-22,4,1121,5,Delivered,4259.8
50175,1991,9,2025-03-31,4,22088,5,Delivered,83934.4
50176,1653,23,2025-11-10,4,929,10,Delivered,3344.4
50177,1334,78,2025-02-23,4,4659,0,Shipped,18636.0
50178,1113,11,2025-01-12,3,29180,5,Shipped,83163.0
50179,1621,71,2025-07-28,4,6182,10,Delivered,22255.2
50180,1362,31,2025-01-14,1,5642,0,Delivered,5642.0
50181,1857,88,2025-05-01,4,1747,10,Delivered,6289.2
50182,1801,26,2025-01-20,5,2503,15,Cancelled,10637.75
50183,1097,30,2025-03-16,5,1539,0,Shipped,7695.0
50184,1958,34,2025-08-31,1,5777,10,Delivered,5199.3
50185,1847,46,2025-08-11,3,4699,10,Delivered,12687.3
50186,1016,69,2025-03-11,1,8955,5,Delivered,8507.25
50187,1556,5,2025-11-08,3,26815,0,Delivered,80445.0
50188,1954,61,2025-07-30,2,1198,20,Cancelled,1916.8
50189,1376,83,2025-04-11,5,2484,5,Delivered,11799.0
50190,1742,38,2025-07-05,5,3591,0,Delivered,17955.0
50191,1390,28,2025-05-12,5,11336,10,Delivered,51012.0
50192,1620,26,2025-04-21,3,2503,10,Delivered,6758.1
50193,1217,61,2025-05-12,1,1198,15,Delivered,1018.3
50194,1399,23,2025-01-20,3,929,20,Delivered,2229.6
50195,1260,46,2025-01-24,5,4699,0,Delivered,23495.0
50196,1824,30,2025-08-15,5,1539,10,Delivered,6925.5
50197,1320,67,2025-06-03,5,607,20,Cancelled,2428.0
50198,1196,92,2025-10-20,5,614,10,Cancelled,2763.0
50199,1478,33,2025-08-18,2,2333,10,Delivered,4199.4
50200,1418,3,2025-11-06,5,51661,5,Delivered,245389.75
50201,1475,69,2025-12-25,3,8955,5,Delivered,25521.75
50202,1607,83,2025-07-21,5,2484,10,Delivered,11178.0
50203,1568,42,2025-02-07,4,1121,20,Shipped,3587.2
50204,1544,62,2025-09-17,2,1390,0,Delivered,2780.0
50205,1231,58,2025-07-07,5,1187,5,Shipped,5638.25
50206,1884,57,2025-02-26,4,2489,20,Delivered,7964.8
50207,1521,1,2025-01-20,3,23231,0,Delivered,69693.0
50208,1703,73,2025-09-30,2,8997,10,Delivered,16194.6
50209,1873,60,2025-04-29,5,1543,5,Shipped,7329.25
50210,1200,69,2025-03-12,3,8955,5,Delivered,25521.75
50211,1846,59,2025-01-04,4,1300,0,Cancelled,5200.0
50212,1673,46,2025-08-09,2,4699,0,Delivered,9398.0
50213,1599,34,2025-01-14,5,5777,10,Delivered,25996.5
50214,1021,25,2025-01-03,3,6352,5,Delivered,18103.2
50215,1311,42,2025-08-04,2,1121,5,Delivered,2129.9
50216,1588,29,2025-08-17,4,9500,0,Delivered,38000.0
50217,1953,25,2025-12-02,5,6352,5,Delivered,30172.0
50218,1898,54,2025-07-05,2,1443,20,Delivered,2308.8
50219,1653,73,2025-02-24,4,8997,5,Delivered,34188.6
50220,1638,67,2025-09-11,4,607,5,Delivered,2306.6
50221,1763,15,2025-01-24,3,48708,0,Delivered,146124.0
50222,1900,4,2025-06-11,4,63568,5,Delivered,241558.4
50223,1596,38,2025-06-07,4,3591,15,Cancelled,12209.4
50224,1434,20,2025-03-23,1,3455,10,Delivered,3109.5
50225,1371,23,2025-06-08,4,929,10,Delivered,3344.4
50226,1560,37,2025-07-07,5,3372,10,Delivered,15174.0
50227,1891,62,2025-03-01,2,1390,0,Delivered,2780.0
50228,1078,8,2025-11-01,5,28761,5,Delivered,136614.75
50229,1542,37,2025-11-15,5,3372,10,Delivered,15174.0
50230,1285,45,2025-07-30,3,3163,10,Delivered,8540.1
50231,1648,33,2025-06-01,1,2333,10,Delivered,2099.7
50232,1140,7,2025-04-19,1,27430,5,Delivered,26058.5
50233,1553,22,2025-03-17,5,5843,0,Delivered,29215.0
50234,1998,5,2025-01-30,2,26815,15,Delivered,45585.5
50235,1282,15,2025-11-10,1,48708,5,Delivered,46272.6
50236,1562,21,2025-04-27,1,10532,10,Delivered,9478.8
50237,1258,89,2025-12-22,5,2795,5,Cancelled,13276.25
50238,1823,17,2025-07-11,1,5032,20,Delivered,4025.6
50239,1360,56,2025-01-19,3,345,20,Delivered,828.0
50240,1440,50,2025-06-22,5,572,10,Shipped,2574.0
50241,1270,7,2025-08-16,1,27430,10,Shipped,24687.0
50242,1134,50,2025-12-16,1,572,15,Delivered,486.2
50243,1746,60,2025-07-02,1,1543,10,Shipped,1388.7
50244,1640,83,2025-04-23,5,2484,15,Delivered,10557.0
50245,1104,7,2025-07-02,2,27430,5,Shipped,52117.0
50246,1766,40,2025-05-26,4,1647,0,Delivered,6588.0
50247,1095,45,2025-11-15,1,3163,20,Delivered,2530.4
50248,1849,59,2025-04-26,4,1300,10,Delivered,4680.0
50249,1729,88,2025-04-23,4,1747,10,Cancelled,6289.2
50250,1573,75,2025-09-08,1,2226,20,Delivered,1780.8
50251,1480,55,2025-09-08,1,1272,15,Delivered,1081.2
50252,1780,64,2025-10-30,4,359,0,Delivered,1436.0
50253,1241,65,2025-11-09,2,5691,10,Delivered,10243.8
50254,1013,54,2025-04-28,4,1443,10,Delivered,5194.8
50255,1147,96,2025-10-28,2,3341,15,Delivered,5679.7
50256,1940,40,2025-06-10,3,1647,5,Delivered,4693.95
50257,1752,53,2025-07-17,2,1998,0,Delivered,3996.0
50258,1601,44,2025-09-17,5,3638,0,Delivered,18190.0
50259,1095,63,2025-05-28,1,1576,0,Delivered,1576.0
50260,1827,2,2025-08-28,3,57785,5,Cancelled,164687.25
50261,1293,79,2025-02-16,4,2930,5,Delivered,11134.0
50262,1025,21,2025-07-17,2,10532,10,Delivered,18957.6
50263,1272,88,2025-02-16,3,1747,0,Delivered,5241.0
50264,1505,50,2025-03-19,5,572,5,Delivered,2717.0
50265,1166,81,2025-05-04,2,995,5,Delivered,1890.5
50266,1939,52,2025-03-16,4,644,10,Delivered,2318.4
50267,1762,9,2025-12-25,4,22088,5,Delivered,83934.4
50268,1087,20,2025-05-17,2,3455,5,Delivered,6564.5
50269,1654,83,2025-03-31,5,2484,5,Delivered,11799.0
50270,1646,18,2025-11-21,1,3891,10,Delivered,3501.9
50271,1985,84,2025-03-02,1,1636,0,Cancelled,1636.0
50272,1791,30,2025-05-18,4,1539,5,Delivered,5848.2
50273,1638,65,2025-02-19,5,5691,15,Delivered,24186.75
50274,1828,24,2025-09-16,4,9772,5,Shipped,37133.6
50275,1491,88,2025-04-17,1,1747,20,Delivered,1397.6
50276,1908,47,2025-04-23,4,2845,15,Delivered,9673.0
50277,1141,83,2025-12-16,2,2484,5,Delivered,4719.6
50278,1868,94,2025-09-11,2,1737,10,Delivered,3126.6
50279,1103,90,2025-04-28,5,3812,5,Delivered,18107.0
50280,1226,44,2025-07-17,1,3638,0,Delivered,3638.0
50281,1902,29,2025-12-03,5,9500,15,Delivered,40375.0
50282,1575,77,2025-12-31,5,6497,5,Delivered,30860.75
50283,1294,68,2025-02-20,1,636,0,Delivered,636.0
50284,1896,17,2025-09-02,3,5032,20,Delivered,12076.8
50285,1306,5,2025-02-04,3,26815,0,Delivered,80445.0
50286,1254,92,2025-10-29,4,614,5,Delivered,2333.2
50287,1180,88,2025-03-10,3,1747,0,Cancelled,5241.0
50288,1040,81,2025-12-15,2,995,10,Delivered,1791.0
50289,1776,50,2025-11-16,5,572,5,Delivered,2717.0
50290,1701,40,2025-02-18,4,1647,10,Delivered,5929.2
50291,1520,46,2025-03-15,5,4699,20,Shipped,18796.0
50292,1616,51,2025-07-11,1,1643,10,Shipped,1478.7
50293,1737,11,2025-09-18,3,29180,5,Shipped,83163.0
50294,1546,12,2025-12-22,1,16882,15,Delivered,14349.7
50295,1236,13,2025-03-11,4,61115,10,Delivered,220014.0
50296,1463,64,2025-03-31,2,359,10,Delivered,646.2
50297,1228,8,2025-09-17,3,28761,0,Delivered,86283.0
50298,1700,65,2025-05-06,1,5691,0,Delivered,5691.0
50299,1825,9,2025-08-19,3,22088,5,Delivered,62950.8
50300,1483,92,2025-10-22,5,614,10,Delivered,2763.0
50301,1430,2,2025-05-09,2,57785,0,Cancelled,115570.0
50302,1022,78,2025-10-07,3,4659,0,Delivered,13977.0
50303,1343,13,2025-11-09,2,61115,0,Delivered,122230.0
50304,1040,2,2025-04-10,5,57785,0,Delivered,288925.0
50305,1173,68,2025-11-22,5,636,0,Delivered,3180.0
50306,1439,76,2025-10-24,1,8093,5,Delivered,7688.35
50307,1179,48,2025-07-01,4,1314,15,Delivered,4467.6
50308,1598,74,2025-06-23,1,4507,10,Delivered,4056.3
50309,1133,3,2025-11-12,2,51661,10,Delivered,92989.8
50310,1351,68,2025-12-30,1,636,5,Delivered,604.2
50311,1525,6,2025-07-07,3,4189,0,Delivered,12567.0
50312,1540,87,2025-02-26,1,3442,5,Shipped,3269.9
50313,1506,5,2025-01-31,4,26815,5,Shipped,101897.0
50314,1084,3,2025-03-25,4,51661,20,Delivered,165315.2
50315,1993,10,2025-06-01,2,2360,0,Delivered,4720.0
50316,1464,43,2025-02-05,5,2490,15,Delivered,10582.5
50317,1830,19,2025-08-01,4,674,5,Delivered,2561.2
50318,1861,14,2025-12-30,2,30827,15,Shipped,52405.9
50319,1343,21,2025-04-16,4,10532,5,Delivered,40021.6
50320,1280,43,2025-12-08,4,2490,15,Delivered,8466.0
50321,1866,28,2025-08-08,5,11336,5,Delivered,53846.0
50322,1263,21,2025-06-12,3,10532,5,Delivered,30016.2
50323,1166,36,2025-08-08,2,602,20,Delivered,963.2
50324,1293,24,2025-09-27,4,9772,5,Delivered,37133.6
50325,1509,54,2025-04-30,4,1443,15,Delivered,4906.2
50326,1580,38,2025-12-02,1,3591,0,Delivered,3591.0
50327,1226,17,2025-07-01,3,5032,0,Delivered,15096.0
50328,1170,22,2025-04-16,5,5843,5,Cancelled,27754.25
50329,1598,83,2025-08-05,2,2484,10,Delivered,4471.2
50330,1645,45,2025-07-24,4,3163,10,Delivered,11386.8
50331,1448,74,2025-03-11,2,4507,0,Delivered,9014.0
50332,1690,61,2025-02-13,5,1198,10,Shipped,5391.0
50333,1855,11,2025-11-25,3,29180,0,Delivered,87540.0
50334,1502,61,2025-10-28,1,1198,20,Shipped,958.4
50335,1764,38,2025-08-16,3,3591,5,Delivered,10234.35
50336,1527,66,2025-07-03,1,4611,5,Delivered,4380.45
50337,1735,33,2025-04-17,2,2333,5,Delivered,4432.7
50338,1379,43,2025-03-25,3,2490,20,Cancelled,5976.0
50339,1201,31,2025-12-04,3,5642,5,Delivered,16079.7
50340,1619,35,2025-09-07,3,2774,5,Delivered,7905.9
50341,1250,37,2025-12-29,5,3372,10,Delivered,15174.0
50342,1949,47,2025-01-21,2,2845,20,Delivered,4552.0
50343,1409,23,2025-07-15,1,929,5,Cancelled,882.55
50344,1601,36,2025-06-27,3,602,0,Delivered,1806.0
50345,1125,40,2025-01-07,2,1647,10,Shipped,2964.6
50346,1113,90,2025-03-11,5,3812,5,Delivered,18107.0
50347,1981,89,2025-05-07,5,2795,0,Delivered,13975.0
50348,1137,81,2025-06-09,2,995,10,Delivered,1791.0
50349,1759,15,2025-09-05,1,48708,10,Delivered,43837.2
50350,1496,37,2025-07-22,2,3372,10,Delivered,6069.6
50351,1678,4,2025-05-28,2,63568,20,Delivered,101708.8
50352,1150,22,2025-05-23,4,5843,5,Delivered,22203.4
50353,1875,81,2025-07-18,5,995,10,Shipped,4477.5
50354,1343,22,2025-06-03,1,5843,0,Delivered,5843.0
50355,1945,81,2025-05-22,4,995,15,Delivered,3383.0
50356,1580,78,2025-11-09,2,4659,0,Shipped,9318.0
50357,1733,78,2025-06-14,5,4659,20,Delivered,18636.0
50358,1783,17,2025-11-10,4,5032,5,Delivered,19121.6
50359,1321,72,2025-01-21,4,7974,5,Delivered,30301.2
50360,1822,90,2025-03-23,1,3812,5,Delivered,3621.4
50361,1926,94,2025-03-10,2,1737,20,Shipped,2779.2
50362,1861,86,2025-05-11,1,1725,20,Delivered,1380.0
50363,1532,80,2025-03-28,4,936,20,Delivered,2995.2
50364,1289,94,2025-08-06,4,1737,10,Delivered,6253.2
50365,1489,80,2025-11-01,1,936,0,Delivered,936.0
50366,1492,38,2025-12-11,4,3591,5,Delivered,13645.8
50367,1612,24,2025-12-07,3,9772,5,Delivered,27850.2
50368,1252,6,2025-06-10,5,4189,10,Delivered,18850.5
50369,1982,68,2025-06-27,2,636,5,Shipped,1208.4
50370,1077,82,2025-04-27,5,539,10,Delivered,2425.5
50371,1647,6,2025-07-15,2,4189,0,Delivered,8378.0
50372,1392,26,2025-11-23,4,2503,15,Delivered,8510.2
50373,1412,91,2025-03-27,1,2159,20,Delivered,1727.2
50374,1173,41,2025-10-16,1,1300,10,Delivered,1170.0
50375,1875,75,2025-03-22,4,2226,15,Delivered,7568.4
50376,1201,38,2025-06-01,2,3591,5,Delivered,6822.9
50377,1217,80,2025-03-02,4,936,0,Shipped,3744.0
50378,1376,83,2025-03-02,2,2484,20,Delivered,3974.4
50379,1720,43,2025-12-20,4,2490,0,Cancelled,9960.0
50380,1586,53,2025-01-28,4,1998,0,Cancelled,7992.0
50381,1011,15,2025-02-12,4,48708,0,Delivered,194832.0
50382,1799,90,2025-06-18,1,3812,10,Shipped,3430.8
50383,1768,56,2025-03-27,2,345,10,Delivered,621.0
50384,1012,56,2025-06-26,4,345,0,Delivered,1380.0
50385,1892,31,2025-01-17,5,5642,20,Delivered,22568.0
50386,1991,83,2025-04-08,5,2484,20,Delivered,9936.0
50387,1590,57,2025-07-17,1,2489,5,Cancelled,2364.55
50388,1435,51,2025-04-08,3,1643,10,Delivered,4436.1
50389,1684,24,2025-03-06,1,9772,15,Delivered,8306.2
50390,1608,58,2025-11-26,3,1187,5,Delivered,3382.95
50391,1818,73,2025-12-07,1,8997,5,Delivered,8547.15
50392,1373,87,2025-01-05,5,3442,5,Delivered,16349.5
50393,1273,4,2025-01-02,4,63568,15,Shipped,216131.2
50394,1931,10,2025-01-22,2,2360,5,Shipped,4484.0
50395,1897,63,2025-04-22,4,1576,10,Delivered,5673.6
50396,1925,73,2025-02-26,5,8997,10,Delivered,40486.5
50397,1691,83,2025-03-07,2,2484,5,Delivered,4719.6
50398,1576,15,2025-11-26,3,48708,0,Delivered,146124.0
50399,1509,63,2025-04-08,3,1576,0,Delivered,4728.0
50400,1132,19,2025-05-24,5,674,0,Shipped,3370.0
50401,1855,63,2025-05-05,2,1576,0,Delivered,3152.0
50402,1924,56,2025-06-16,4,345,5,Delivered,1311.0
50403,1784,21,2025-03-27,5,10532,10,Delivered,47394.0
50404,1319,34,2025-03-17,3,5777,0,Delivered,17331.0
50405,1844,17,2025-12-10,5,5032,10,Delivered,22644.0
50406,1949,18,2025-10-21,4,3891,0,Cancelled,15564.0
50407,1853,81,2025-02-28,1,995,10,Delivered,895.5
50408,1621,66,2025-05-18,1,4611,15,Delivered,3919.35
50409,1785,51,2025-04-09,4,1643,5,Delivered,6243.4
50410,1168,65,2025-07-11,2,5691,5,Shipped,10812.9
50411,1397,43,2025-08-31,5,2490,10,Delivered,11205.0
50412,1180,57,2025-11-15,4,2489,10,Delivered,8960.4
50413,1058,10,2025-02-18,1,2360,0,Delivered,2360.0
50414,1480,37,2025-02-01,3,3372,15,Delivered,8598.6
50415,1933,48,2025-10-04,4,1314,5,Delivered,4993.2
50416,1591,69,2025-01-20,4,8955,5,Cancelled,34029.0
50417,1460,56,2025-06-03,4,345,0,Delivered,1380.0
50418,1061,76,2025-03-09,1,8093,10,Delivered,7283.7
50419,1369,36,2025-08-02,1,602,10,Delivered,541.8
50420,1121,31,2025-05-23,4,5642,15,Delivered,19182.8
50421,1719,55,2025-08-20,4,1272,20,Delivered,4070.4
50422,1546,38,2025-08-01,2,3591,5,Delivered,6822.9
50423,1582,73,2025-03-20,3,8997,20,Delivered,21592.8
50424,1017,90,2025-08-02,5,3812,10,Delivered,17154.0
50425,1496,15,2025-04-26,5,48708,5,Shipped,231363.0
50426,1497,16,2025-04-02,5,5503,15,Delivered,23387.75
50427,1505,77,2025-09-27,1,6497,10,Shipped,5847.3
50428,1532,89,2025-06-17,1,2795,5,Delivered,2655.25
50429,1969,94,2025-02-27,2,1737,0,Delivered,3474.0
50430,1315,53,2025-10-11,1,1998,10,Delivered,1798.2
50431,1069,56,2025-01-26,4,345,0,Delivered,1380.0
50432,1727,7,2025-03-07,3,27430,5,Delivered,78175.5
50433,1161,57,2025-09-05,3,2489,20,Delivered,5973.6
50434,1614,55,2025-09-11,3,1272,0,Delivered,3816.0
50435,1888,52,2025-02-13,3,644,5,Delivered,1835.4
50436,1718,4,2025-04-07,5,63568,20,Delivered,254272.0
50437,1145,43,2025-02-11,5,2490,5,Shipped,11827.5
50438,1569,40,2025-08-15,4,1647,5,Delivered,6258.6
50439,1595,30,2025-09-19,2,1539,10,Delivered,2770.2
50440,1993,10,2025-06-16,1,2360,0,Delivered,2360.0
50441,1385,94,2025-10-06,1,1737,20,Delivered,1389.6
50442,1269,7,2025-03-30,5,27430,5,Delivered,130292.5
50443,1923,36,2025-06-27,3,602,15,Delivered,1535.1
50444,1454,35,2025-07-16,4,2774,5,Cancelled,10541.2
50445,1699,88,2025-11-03,2,1747,5,Delivered,3319.3
50446,1518,39,2025-09-24,5,5508,0,Delivered,27540.0
50447,1865,36,2025-09-25,4,602,0,Delivered,2408.0
50448,1350,20,2025-03-15,4,3455,10,Shipped,12438.0
50449,1110,49,2025-01-08,5,523,10,Delivered,2353.5
50450,1483,96,2025-10-24,4,3341,15,Delivered,11359.4
50451,1407,59,2025-06-13,3,1300,0,Delivered,3900.0
50452,1650,49,2025-03-26,4,523,5,Delivered,1987.4
50453,1051,90,2025-03-13,2,3812,0,Delivered,7624.0
50454,1403,26,2025-02-24,4,2503,5,Delivered,9511.4
50455,1563,36,2025-02-16,1,602,5,Delivered,571.9
50456,1476,43,2025-08-26,4,2490,5,Shipped,9462.0
50457,1087,43,2025-04-14,5,2490,5,Delivered,11827.5
50458,1068,76,2025-07-29,1,8093,15,Delivered,6879.05
50459,1596,33,2025-02-11,5,2333,10,Delivered,10498.5
50460,1979,78,2025-11-12,2,4659,5,Delivered,8852.1
50461,1042,45,2025-09-25,3,3163,0,Delivered,9489.0
50462,1731,45,2025-09-20,2,3163,10,Delivered,5693.4
50463,1057,88,2025-12-02,1,1747,20,Shipped,1397.6
50464,1738,15,2025-12-31,3,48708,0,Delivered,146124.0
50465,1196,95,2025-09-16,4,2751,15,Delivered,9353.4
50466,1760,17,2025-10-10,1,5032,10,Delivered,4528.8
50467,1678,12,2025-04-24,3,16882,10,Delivered,45581.4
50468,1062,22,2025-12-29,5,5843,20,Delivered,23372.0
50469,1263,23,2025-02-09,3,929,20,Delivered,2229.6
50470,1112,90,2025-08-08,5,3812,0,Delivered,19060.0
50471,1765,78,2025-05-09,5,4659,15,Shipped,19800.75
50472,1711,12,2025-01-08,3,16882,10,Delivered,45581.4
50473,1178,68,2025-04-11,2,636,5,Delivered,1208.4
50474,1948,51,2025-06-25,2,1643,10,Delivered,2957.4
50475,1026,13,2025-04-17,5,61115,20,Shipped,244460.0
50476,1410,57,2025-04-11,1,2489,10,Delivered,2240.1
50477,1758,55,2025-09-17,3,1272,20,Cancelled,3052.8
50478,1531,82,2025-09-03,1,539,10,Delivered,485.1
50479,1777,28,2025-10-02,2,11336,5,Cancelled,21538.4
50480,1317,44,2025-02-01,1,3638,10,Delivered,3274.2
50481,1532,19,2025-05-17,4,674,10,Delivered,2426.4
50482,1106,46,2025-01-12,4,4699,5,Cancelled,17856.2
50483,1749,3,2025-10-29,2,51661,10,Delivered,92989.8
50484,1818,83,2025-01-16,1,2484,10,Delivered,2235.6
50485,1464,20,2025-05-09,3,3455,15,Shipped,8810.25
50486,1246,25,2025-03-04,2,6352,5,Delivered,12068.8
50487,1081,75,2025-04-19,4,2226,0,Delivered,8904.0
50488,1662,56,2025-01-21,2,345,10,Delivered,621.0
50489,1909,81,2025-06-07,1,995,5,Delivered,945.25
50490,1396,61,2025-09-26,1,1198,0,Shipped,1198.0
50491,1522,55,2025-06-11,1,1272,10,Delivered,1144.8
50492,1833,35,2025-09-17,5,2774,20,Delivered,11096.0
50493,1736,78,2025-04-12,1,4659,5,Shipped,4426.05
50494,1926,59,2025-08-11,4,1300,15,Cancelled,4420.0
50495,1264,39,2025-02-28,4,5508,15,Delivered,18727.2
50496,1661,57,2025-09-04,5,2489,0,Delivered,12445.0
50497,1790,83,2025-05-08,4,2484,15,Delivered,8445.6
50498,1274,67,2025-10-10,4,607,10,Shipped,2185.2
50499,1706,34,2025-11-21,2,5777,20,Delivered,9243.2
50500,1944,41,2025-01-25,1,1300,0,Shipped,1300.0
50501,1172,22,2025-05-11,2,5843,0,Cancelled,11686.0
50502,1265,27,2025-12-19,2,2239,0,Delivered,4478.0
50503,1963,21,2025-07-15,4,10532,0,Delivered,42128.0
50504,1822,41,2025-10-08,3,1300,5,Delivered,3705.0
50505,1026,31,2025-06-03,1,5642,5,Delivered,5359.9
50506,1469,27,2025-05-13,3,2239,5,Delivered,6381.15
50507,1862,37,2025-08-15,4,3372,5,Delivered,12813.6
50508,1476,66,2025-07-08,5,4611,0,Delivered,23055.0
50509,1356,54,2025-09-22,2,1443,10,Cancelled,2597.4
50510,1026,9,2025-05-14,4,22088,0,Delivered,88352.0
50511,1034,83,2025-07-30,4,2484,0,Delivered,9936.0
50512,1264,42,2025-03-01,3,1121,10,Shipped,3026.7
50513,1138,36,2025-12-30,5,602,0,Delivered,3010.0
50514,1816,10,2025-12-30,2,2360,5,Delivered,4484.0
50515,1695,59,2025-08-01,5,1300,0,Delivered,6500.0
50516,1875,40,2025-08-04,5,1647,15,Shipped,6999.75
50517,1754,54,2025-08-14,5,1443,15,Delivered,6132.75
50518,1566,39,2025-05-11,1,5508,0,Delivered,5508.0
50519,1462,7,2025-03-17,5,27430,10,Cancelled,123435.0
50520,1168,4,2025-10-13,4,63568,5,Delivered,241558.4
50521,1631,15,2025-10-04,1,48708,0,Delivered,48708.0
50522,1655,76,2025-06-05,1,8093,5,Delivered,7688.35
50523,1081,48,2025-09-05,5,1314,15,Delivered,5584.5
50524,1757,6,2025-08-06,4,4189,0,Delivered,16756.0
50525,1914,73,2025-07-09,2,8997,10,Delivered,16194.6
50526,1864,35,2025-06-12,5,2774,20,Shipped,11096.0
50527,1870,72,2025-06-29,1,7974,5,Shipped,7575.3
50528,1407,71,2025-02-03,2,6182,20,Delivered,9891.2
50529,1574,68,2025-02-10,2,636,20,Delivered,1017.6
50530,1046,58,2025-11-03,1,1187,10,Delivered,1068.3
50531,1599,77,2025-12-04,2,6497,5,Delivered,12344.3
50532,1611,19,2025-11-10,4,674,10,Delivered,2426.4
50533,1807,62,2025-03-16,4,1390,20,Delivered,4448.0
50534,1911,71,2025-10-06,5,6182,10,Delivered,27819.0
50535,1053,10,2025-06-25,5,2360,0,Delivered,11800.0
50536,1984,25,2025-05-30,2,6352,15,Delivered,10798.4
50537,1704,44,2025-09-30,1,3638,20,Delivered,2910.4
50538,1959,58,2025-11-21,4,1187,5,Delivered,4510.6
50539,1476,25,2025-04-18,3,6352,10,Delivered,17150.4
50540,1592,93,2025-05-19,5,2505,10,Delivered,11272.5
50541,1016,76,2025-12-16,4,8093,0,Delivered,32372.0
50542,1360,40,2025-09-28,2,1647,5,Delivered,3129.3
50543,1487,76,2025-12-13,4,8093,0,Delivered,32372.0
50544,1838,70,2025-10-16,4,5295,10,Delivered,19062.0
50545,1706,10,2025-07-31,2,2360,10,Delivered,4248.0
50546,1502,66,2025-09-29,5,4611,0,Delivered,23055.0
50547,1141,25,2025-03-07,5,6352,0,Delivered,31760.0
50548,1620,71,2025-09-05,3,6182,5,Delivered,17618.7
50549,1815,87,2025-06-05,3,3442,10,Delivered,9293.4
50550,1777,11,2025-02-16,5,29180,0,Shipped,145900.0
50551,1447,36,2025-07-20,5,602,0,Shipped,3010.0
50552,1290,49,2025-05-28,5,523,20,Delivered,2092.0
50553,1209,48,2025-05-04,5,1314,10,Delivered,5913.0
50554,1475,87,2025-01-01,4,3442,10,Delivered,12391.2
50555,1413,7,2025-09-04,3,27430,5,Delivered,78175.5
50556,1677,91,2025-12-09,2,2159,5,Shipped,4102.1
50557,1427,77,2025-05-08,1,6497,0,Delivered,6497.0
50558,1854,51,2025-07-10,2,1643,10,Delivered,2957.4
50559,1371,17,2025-03-08,1,5032,5,Delivered,4780.4
50560,1832,32,2025-01-04,4,6594,5,Delivered,25057.2
50561,1664,26,2025-10-30,3,2503,10,Delivered,6758.1
50562,1967,22,2025-10-21,1,5843,5,Delivered,5550.85
50563,1290,13,2025-05-23,5,61115,0,Delivered,305575.0
50564,1432,12,2025-07-10,4,16882,15,Cancelled,57398.8
50565,1268,71,2025-01-21,1,6182,5,Delivered,5872.9
50566,1151,1,2025-08-15,5,23231,20,Shipped,92924.0
50567,1719,33,2025-11-09,4,2333,15,Shipped,7932.2
50568,1255,14,2025-04-27,1,30827,0,Shipped,30827.0
50569,1353,64,2025-10-29,5,359,20,Delivered,1436.0
50570,1377,43,2025-05-22,3,2490,15,Delivered,6349.5
50571,1653,58,2025-02-08,4,1187,20,Delivered,3798.4
50572,1855,41,2025-12-21,1,1300,10,Cancelled,1170.0
50573,1358,81,2025-09-09,5,995,20,Shipped,3980.0
50574,1608,68,2025-11-29,3,636,10,Delivered,1717.2
50575,1941,39,2025-07-26,5,5508,15,Delivered,23409.0
50576,1370,1,2025-07-29,3,23231,10,Delivered,62723.7
50577,1227,41,2025-04-25,1,1300,20,Delivered,1040.0
50578,1705,45,2025-08-13,5,3163,10,Shipped,14233.5
50579,1303,88,2025-05-14,5,1747,10,Shipped,7861.5
50580,1826,88,2025-09-08,2,1747,20,Delivered,2795.2
50581,1389,79,2025-08-07,4,2930,5,Delivered,11134.0
50582,1377,81,2025-04-01,5,995,0,Delivered,4975.0
50583,1973,13,2025-12-20,3,61115,0,Delivered,183345.0
50584,1118,71,2025-02-15,4,6182,20,Shipped,19782.4
50585,1005,9,2025-02-07,1,22088,15,Shipped,18774.8
50586,1444,63,2025-05-22,4,1576,5,Delivered,5988.8
50587,1352,23,2025-04-10,2,929,20,Delivered,1486.4
50588,1755,54,2025-11-24,1,1443,0,Delivered,1443.0
50589,1533,47,2025-07-09,5,2845,0,Shipped,14225.0
50590,1664,39,2025-02-04,1,5508,10,Delivered,4957.2
50591,1640,87,2025-05-27,1,3442,5,Delivered,3269.9
50592,1124,26,2025-01-30,2,2503,5,Delivered,4755.7
50593,1658,1,2025-11-30,3,23231,10,Shipped,62723.7
50594,1277,14,2025-03-25,1,30827,0,Delivered,30827.0
50595,1822,96,2025-10-08,3,3341,15,Delivered,8519.55
50596,1394,74,2025-12-10,4,4507,5,Delivered,17126.6
50597,1664,65,2025-09-27,2,5691,20,Delivered,9105.6
50598,1360,69,2025-06-03,5,8955,15,Delivered,38058.75
50599,1623,67,2025-04-12,1,607,10,Delivered,546.3
50600,1469,49,2025-08-03,3,523,0,Delivered,1569.0
50601,1985,50,2025-05-30,1,572,20,Delivered,457.6
50602,1628,58,2025-03-24,2,1187,0,Delivered,2374.0
50603,1700,53,2025-04-20,5,1998,0,Shipped,9990.0
50604,1057,91,2025-10-02,4,2159,0,Delivered,8636.0
50605,1251,57,2025-07-20,4,2489,20,Shipped,7964.8
50606,1896,86,2025-10-11,3,1725,15,Delivered,4398.75
50607,1919,18,2025-06-22,4,3891,20,Delivered,12451.2
50608,1150,16,2025-11-23,3,5503,10,Delivered,14858.1
50609,1452,2,2025-07-25,5,57785,0,Delivered,288925.0
50610,1162,13,2025-03-04,1,61115,20,Delivered,48892.0
50611,1120,45,2025-03-14,2,3163,5,Delivered,6009.7
50612,1582,80,2025-09-08,5,936,5,Delivered,4446.0
50613,1924,72,2025-05-04,5,7974,5,Shipped,37876.5
50614,1351,43,2025-05-01,4,2490,5,Delivered,9462.0
50615,1099,72,2025-10-02,4,7974,15,Delivered,27111.6
50616,1167,54,2025-04-30,2,1443,5,Delivered,2741.7
50617,1810,74,2025-11-13,1,4507,0,Shipped,4507.0
50618,1663,31,2025-06-13,5,5642,10,Delivered,25389.0
50619,1838,76,2025-10-13,4,8093,5,Delivered,30753.4
50620,1976,9,2025-09-22,5,22088,0,Delivered,110440.0
50621,1514,73,2025-11-16,1,8997,20,Cancelled,7197.6
50622,1664,48,2025-06-10,3,1314,5,Delivered,3744.9
50623,1401,18,2025-11-04,1,3891,15,Cancelled,3307.35
50624,1365,94,2025-03-30,5,1737,5,Delivered,8250.75
50625,1577,96,2025-05-22,5,3341,0,Delivered,16705.0
50626,1326,87,2025-07-22,2,3442,10,Delivered,6195.6
50627,1581,11,2025-11-05,5,29180,0,Delivered,145900.0
50628,1633,62,2025-08-15,4,1390,5,Delivered,5282.0
50629,1621,84,2025-11-30,2,1636,0,Delivered,3272.0
50630,1828,19,2025-08-10,5,674,0,Delivered,3370.0
50631,1247,90,2025-02-10,1,3812,10,Delivered,3430.8
50632,1434,74,2025-07-15,5,4507,0,Delivered,22535.0
50633,1093,24,2025-03-09,1,9772,0,Delivered,9772.0
50634,1268,13,2025-09-21,1,61115,20,Delivered,48892.0
50635,1615,46,2025-01-02,5,4699,0,Delivered,23495.0
50636,1943,53,2025-12-27,1,1998,5,Delivered,1898.1
50637,1963,29,2025-05-05,3,9500,10,Delivered,25650.0
50638,1624,36,2025-04-20,2,602,15,Shipped,1023.4
50639,1321,71,2025-03-27,5,6182,0,Delivered,30910.0
50640,1923,94,2025-04-30,3,1737,0,Delivered,5211.0
50641,1816,17,2025-05-07,1,5032,5,Delivered,4780.4
50642,1856,48,2025-09-12,1,1314,5,Delivered,1248.3
50643,1062,77,2025-07-02,2,6497,5,Delivered,12344.3
50644,1300,24,2025-01-16,3,9772,0,Cancelled,29316.0
50645,1403,54,2025-03-03,3,1443,5,Delivered,4112.55
50646,1955,95,2025-06-07,5,2751,0,Delivered,13755.0
50647,1648,91,2025-09-25,1,2159,0,Delivered,2159.0
50648,1567,85,2025-02-04,4,1329,10,Delivered,4784.4
50649,1620,1,2025-09-24,5,23231,5,Delivered,110347.25
50650,1303,79,2025-03-05,5,2930,5,Shipped,13917.5
50651,1770,67,2025-02-19,5,607,5,Shipped,2883.25
50652,1253,6,2025-09-12,2,4189,0,Delivered,8378.0
50653,1734,78,2025-05-29,2,4659,15,Delivered,7920.3
50654,1478,55,2025-11-21,5,1272,20,Delivered,5088.0
50655,1369,38,2025-10-31,4,3591,5,Delivered,13645.8
50656,1679,33,2025-10-03,3,2333,5,Shipped,6649.05
50657,1941,8,2025-12-23,3,28761,10,Delivered,77654.7
50658,1160,90,2025-06-21,1,3812,0,Delivered,3812.0
50659,1961,79,2025-07-20,3,2930,20,Shipped,7032.0
50660,1166,78,2025-11-20,3,4659,0,Delivered,13977.0
50661,1205,20,2025-02-04,4,3455,10,Delivered,12438.0
50662,1267,55,2025-08-04,3,1272,5,Delivered,3625.2
50663,1138,48,2025-03-06,4,1314,5,Delivered,4993.2
50664,1368,83,2025-01-08,2,2484,0,Delivered,4968.0
50665,1443,56,2025-10-28,4,345,10,Delivered,1242.0
50666,1858,88,2025-12-09,2,1747,15,Delivered,2969.9
50667,1760,10,2025-11-28,4,2360,20,Delivered,7552.0
50668,1567,52,2025-03-17,5,644,5,Delivered,3059.0
50669,1916,50,2025-06-23,2,572,10,Shipped,1029.6
50670,1721,34,2025-02-16,2,5777,5,Delivered,10976.3
50671,1017,36,2025-01-15,3,602,10,Shipped,1625.4
50672,1068,61,2025-12-27,2,1198,0,Delivered,2396.0
50673,1133,16,2025-05-27,4,5503,10,Delivered,19810.8
50674,1700,79,2025-01-26,5,2930,15,Delivered,12452.5
50675,1919,18,2025-11-04,5,3891,15,Delivered,16536.75
50676,1430,71,2025-04-03,3,6182,5,Cancelled,17618.7
50677,1308,47,2025-08-20,4,2845,0,Delivered,11380.0
50678,1650,86,2025-01-21,4,1725,15,Delivered,5865.0
50679,1174,32,2025-11-03,1,6594,20,Delivered,5275.2
50680,1412,43,2025-02-07,2,2490,5,Delivered,4731.0
50681,1097,83,2025-10-03,3,2484,20,Shipped,5961.6
50682,1683,40,2025-06-06,5,1647,20,Shipped,6588.0
50683,1154,65,2025-06-28,1,5691,5,Delivered,5406.45
50684,1695,35,2025-05-12,4,2774,10,Delivered,9986.4
50685,1242,69,2025-11-07,2,8955,10,Delivered,16119.0
50686,1304,50,2025-12-14,5,572,10,Delivered,2574.0
50687,1285,12,2025-01-28,1,16882,0,Delivered,16882.0
50688,1027,76,2025-09-17,4,8093,5,Delivered,30753.4
50689,1402,85,2025-03-17,5,1329,0,Delivered,6645.0
50690,1360,58,2025-03-08,5,1187,10,Delivered,5341.5
50691,1060,83,2025-12-08,4,2484,20,Delivered,7948.8
50692,1202,63,2025-07-13,4,1576,10,Delivered,5673.6
50693,1762,73,2025-06-11,3,8997,0,Delivered,26991.0
50694,1874,49,2025-12-13,5,523,20,Delivered,2092.0
50695,1581,36,2025-12-27,4,602,0,Delivered,2408.0
50696,1970,54,2025-09-14,1,1443,15,Delivered,1226.55
50697,1370,47,2025-03-13,2,2845,10,Delivered,5121.0
50698,1533,32,2025-03-28,3,6594,10,Delivered,17803.8
50699,1152,95,2025-09-19,4,2751,10,Cancelled,9903.6
50700,1102,53,2025-08-02,2,1998,0,Delivered,3996.0
50701,1899,32,2025-06-02,3,6594,10,Delivered,17803.8
50702,2000,62,2025-07-29,5,1390,0,Shipped,6950.0
50703,1607,37,2025-03-02,2,3372,10,Delivered,6069.6
50704,1446,96,2025-09-25,3,3341,5,Delivered,9521.85
50705,1873,38,2025-09-19,4,3591,10,Delivered,12927.6
50706,1229,30,2025-08-06,4,1539,20,Delivered,4924.8
50707,1125,58,2025-10-10,3,1187,5,Delivered,3382.95
50708,1770,32,2025-05-16,5,6594,10,Delivered,29673.0
50709,1834,66,2025-12-28,3,4611,15,Delivered,11758.05
50710,1999,51,2025-04-03,1,1643,0,Delivered,1643.0
50711,1881,11,2025-04-19,3,29180,15,Delivered,74409.0
50712,1938,59,2025-08-29,3,1300,0,Delivered,3900.0
50713,1236,20,2025-12-21,4,3455,10,Delivered,12438.0
50714,1162,37,2025-05-22,5,3372,20,Delivered,13488.0
50715,1554,73,2025-10-18,3,8997,20,Delivered,21592.8
50716,1788,49,2025-08-25,2,523,5,Delivered,993.7
50717,1353,19,2025-12-06,4,674,0,Delivered,2696.0
50718,1068,55,2025-11-08,4,1272,20,Delivered,4070.4
50719,1173,40,2025-06-26,3,1647,15,Delivered,4199.85
50720,1843,7,2025-05-21,2,27430,10,Delivered,49374.0
50721,1637,5,2025-07-08,3,26815,0,Shipped,80445.0
50722,1682,42,2025-02-18,2,1121,15,Shipped,1905.7
50723,1559,88,2025-10-29,4,1747,0,Delivered,6988.0
50724,1261,48,2025-07-09,2,1314,20,Delivered,2102.4
50725,1217,7,2025-05-16,3,27430,5,Delivered,78175.5
50726,1817,11,2025-02-12,1,29180,10,Delivered,26262.0
50727,1124,73,2025-12-19,1,8997,5,Delivered,8547.15
50728,1805,49,2025-03-31,2,523,5,Delivered,993.7
50729,1162,30,2025-10-22,3,1539,15,Delivered,3924.45
50730,1201,41,2025-12-07,5,1300,5,Cancelled,6175.0
50731,1454,3,2025-09-02,1,51661,15,Delivered,43911.85
50732,1402,86,2025-07-11,4,1725,10,Delivered,6210.0
50733,1462,40,2025-11-14,3,1647,0,Delivered,4941.0
50734,1275,51,2025-04-16,3,1643,10,Delivered,4436.1
50735,1206,84,2025-12-29,1,1636,10,Delivered,1472.4
50736,1040,32,2025-11-06,5,6594,5,Cancelled,31321.5
50737,1273,48,2025-08-21,4,1314,5,Shipped,4993.2
50738,1700,71,2025-09-22,5,6182,0,Delivered,30910.0
50739,1867,71,2025-12-10,4,6182,5,Delivered,23491.6
50740,1093,20,2025-02-06,1,3455,5,Delivered,3282.25
50741,1042,89,2025-11-01,3,2795,20,Cancelled,6708.0
50742,1465,35,2025-02-10,4,2774,10,Cancelled,9986.4
50743,1379,24,2025-01-17,3,9772,5,Delivered,27850.2
50744,1107,40,2025-12-10,2,1647,15,Delivered,2799.9
50745,1328,77,2025-10-04,2,6497,15,Delivered,11044.9
50746,1065,52,2025-11-03,1,644,5,Delivered,611.8
50747,1365,39,2025-02-28,1,5508,0,Shipped,5508.0
50748,1821,68,2025-07-02,1,636,15,Delivered,540.6
50749,1484,61,2025-02-10,2,1198,0,Shipped,2396.0
50750,1647,76,2025-02-08,4,8093,15,Delivered,27516.2
50751,1901,81,2025-07-11,5,995,5,Delivered,4726.25
50752,1024,65,2025-09-24,1,5691,10,Delivered,5121.9
50753,1540,62,2025-05-27,5,1390,10,Delivered,6255.0
50754,1062,81,2025-11-29,5,995,0,Delivered,4975.0
50755,1491,2,2025-05-07,2,57785,5,Delivered,109791.5
50756,1273,6,2025-02-15,4,4189,10,Delivered,15080.4
50757,1229,75,2025-02-14,2,2226,15,Delivered,3784.2
50758,1020,43,2025-01-01,1,2490,10,Delivered,2241.0
50759,1003,82,2025-06-17,2,539,15,Cancelled,916.3
50760,1421,40,2025-04-18,2,1647,0,Delivered,3294.0
50761,1730,89,2025-01-19,2,2795,0,Delivered,5590.0
50762,1911,39,2025-11-28,1,5508,10,Delivered,4957.2
50763,1307,28,2025-03-13,1,11336,5,Delivered,10769.2
50764,1432,80,2025-04-19,2,936,5,Delivered,1778.4
50765,1136,63,2025-09-25,2,1576,10,Cancelled,2836.8
50766,1909,64,2025-08-28,5,359,20,Delivered,1436.0
50767,1944,12,2025-10-28,4,16882,0,Delivered,67528.0
50768,1515,41,2025-03-31,5,1300,0,Delivered,6500.0
50769,1193,29,2025-04-13,4,9500,15,Delivered,32300.0
50770,1585,23,2025-09-07,4,929,0,Shipped,3716.0
50771,1415,85,2025-01-08,2,1329,5,Shipped,2525.1
50772,1873,80,2025-06-02,5,936,15,Delivered,3978.0
50773,1118,51,2025-12-13,4,1643,0,Delivered,6572.0
50774,1666,45,2025-06-23,4,3163,0,Delivered,12652.0
50775,1209,90,2025-12-09,1,3812,5,Delivered,3621.4
50776,1952,22,2025-06-07,4,5843,0,Delivered,23372.0
50777,1034,10,2025-08-03,2,2360,10,Delivered,4248.0
50778,1649,7,2025-06-26,3,27430,0,Shipped,82290.0
50779,1318,73,2025-06-24,1,8997,0,Delivered,8997.0
50780,1120,89,2025-12-06,3,2795,10,Delivered,7546.5
50781,1627,15,2025-12-04,2,48708,20,Delivered,77932.8
50782,1525,77,2025-05-26,3,6497,20,Delivered,15592.8
50783,1581,46,2025-11-20,4,4699,15,Delivered,15976.6
50784,1937,90,2025-06-10,3,3812,10,Shipped,10292.4
50785,1845,85,2025-05-07,5,1329,5,Delivered,6312.75
50786,1769,87,2025-03-23,2,3442,10,Shipped,6195.6
50787,1089,61,2025-05-27,5,1198,5,Delivered,5690.5
50788,1512,92,2025-08-27,3,614,15,Cancelled,1565.7
50789,1047,61,2025-03-25,5,1198,0,Delivered,5990.0
50790,1772,51,2025-04-23,1,1643,10,Delivered,1478.7
50791,1740,38,2025-08-13,3,3591,5,Delivered,10234.35
50792,1959,12,2025-11-28,5,16882,0,Shipped,84410.0
50793,1692,88,2025-08-31,4,1747,10,Delivered,6289.2
50794,1522,77,2025-05-23,3,6497,10,Delivered,17541.9
50795,1284,66,2025-02-10,1,4611,0,Delivered,4611.0
50796,1377,54,2025-09-15,4,1443,20,Delivered,4617.6
50797,1638,39,2025-10-12,3,5508,5,Delivered,15697.8
50798,1134,76,2025-04-15,4,8093,20,Delivered,25897.6
50799,1667,39,2025-07-21,3,5508,10,Delivered,14871.6
50800,1248,78,2025-11-03,3,4659,10,Delivered,12579.3
50801,1652,30,2025-11-27,2,1539,20,Delivered,2462.4
50802,1318,48,2025-09-23,5,1314,15,Cancelled,5584.5
50803,1436,83,2025-07-29,3,2484,0,Delivered,7452.0
50804,1176,31,2025-02-20,1,5642,0,Delivered,5642.0
50805,1835,25,2025-04-28,5,6352,5,Cancelled,30172.0
50806,1686,68,2025-07-20,2,636,5,Delivered,1208.4
50807,1993,51,2025-02-08,5,1643,10,Delivered,7393.5
50808,1586,13,2025-01-28,5,61115,10,Delivered,275017.5
50809,1351,63,2025-09-16,3,1576,5,Delivered,4491.6
50810,1143,42,2025-03-25,1,1121,10,Delivered,1008.9
50811,1967,54,2025-06-04,3,1443,10,Delivered,3896.1
50812,1804,67,2025-04-27,1,607,10,Delivered,546.3
50813,1398,80,2025-01-02,1,936,10,Delivered,842.4
50814,1624,90,2025-04-03,4,3812,5,Delivered,14485.6
50815,1718,56,2025-06-15,3,345,10,Delivered,931.5
50816,1643,19,2025-12-16,2,674,20,Delivered,1078.4
50817,1369,46,2025-10-23,5,4699,5,Cancelled,22320.25
50818,1501,15,2025-09-15,4,48708,15,Cancelled,165607.2
50819,1622,32,2025-03-22,2,6594,5,Shipped,12528.6
50820,1370,49,2025-09-25,3,523,5,Cancelled,1490.55
50821,1579,21,2025-08-23,1,10532,20,Delivered,8425.6
50822,1382,65,2025-11-17,3,5691,10,Shipped,15365.7
50823,1086,70,2025-11-07,3,5295,20,Delivered,12708.0
50824,1787,27,2025-10-28,4,2239,20,Delivered,7164.8
50825,1739,23,2025-12-23,2,929,0,Delivered,1858.0
50826,1460,47,2025-08-01,4,2845,20,Shipped,9104.0
50827,1950,95,2025-03-03,2,2751,0,Delivered,5502.0
50828,1325,12,2025-02-18,4,16882,0,Delivered,67528.0
50829,1522,85,2025-05-07,5,1329,15,Shipped,5648.25
50830,1489,66,2025-08-11,1,4611,5,Delivered,4380.45
50831,1929,5,2025-10-06,1,26815,20,Delivered,21452.0
50832,1397,9,2025-10-21,1,22088,10,Delivered,19879.2
50833,1896,20,2025-10-11,5,3455,5,Delivered,16411.25
50834,1355,82,2025-10-04,5,539,0,Delivered,2695.0
50835,1947,63,2025-04-17,1,1576,5,Delivered,1497.2
50836,1288,86,2025-05-26,1,1725,5,Shipped,1638.75
50837,1459,72,2025-04-09,2,7974,0,Delivered,15948.0
50838,1624,73,2025-03-14,2,8997,10,Cancelled,16194.6
50839,1998,71,2025-05-02,3,6182,20,Delivered,14836.8
50840,1536,30,2025-01-30,4,1539,5,Delivered,5848.2
50841,1291,82,2025-07-07,2,539,5,Delivered,1024.1
50842,1851,91,2025-12-30,2,2159,0,Delivered,4318.0
50843,1838,16,2025-12-20,2,5503,0,Delivered,11006.0
50844,1168,85,2025-10-15,2,1329,5,Shipped,2525.1
50845,1950,5,2025-07-14,5,26815,5,Delivered,127371.25
50846,1621,29,2025-06-05,3,9500,10,Delivered,25650.0
50847,1428,47,2025-06-21,2,2845,0,Delivered,5690.0
50848,1702,22,2025-12-01,4,5843,0,Delivered,23372.0
50849,1490,78,2025-02-10,2,4659,20,Delivered,7454.4
50850,1355,57,2025-03-04,5,2489,15,Shipped,10578.25
50851,1196,83,2025-01-23,1,2484,5,Delivered,2359.8
50852,1545,35,2025-12-26,1,2774,10,Delivered,2496.6
50853,1717,88,2025-03-16,3,1747,10,Delivered,4716.9
50854,1824,60,2025-02-17,1,1543,10,Shipped,1388.7
50855,1932,70,2025-06-09,2,5295,15,Delivered,9001.5
50856,1694,60,2025-11-09,5,1543,5,Cancelled,7329.25
50857,1659,58,2025-04-28,3,1187,10,Delivered,3204.9
50858,1939,3,2025-04-10,2,51661,15,Shipped,87823.7
50859,1780,34,2025-06-16,1,5777,10,Shipped,5199.3
50860,1011,45,2025-10-17,4,3163,20,Shipped,10121.6
50861,1582,50,2025-06-05,2,572,5,Delivered,1086.8
50862,1256,2,2025-01-07,4,57785,15,Delivered,196469.0
50863,1396,15,2025-07-15,4,48708,20,Delivered,155865.6
50864,1731,37,2025-02-25,3,3372,10,Delivered,9104.4
50865,1809,15,2025-11-17,5,48708,0,Delivered,243540.0
50866,1409,60,2025-07-12,1,1543,15,Delivered,1311.55
50867,1362,96,2025-02-16,1,3341,15,Cancelled,2839.85
50868,1259,85,2025-05-28,2,1329,5,Delivered,2525.1
50869,1003,64,2025-10-02,1,359,0,Delivered,359.0
50870,1084,81,2025-06-06,3,995,20,Delivered,2388.0
50871,1156,96,2025-07-21,1,3341,10,Delivered,3006.9
50872,1663,52,2025-05-06,2,644,10,Delivered,1159.2
50873,1176,23,2025-11-01,1,929,20,Delivered,743.2
50874,1707,37,2025-10-21,5,3372,5,Delivered,16017.0
50875,1938,41,2025-03-05,4,1300,15,Delivered,4420.0
50876,1472,57,2025-11-21,4,2489,10,Delivered,8960.4
50877,1619,25,2025-06-25,4,6352,20,Shipped,20326.4
50878,1424,37,2025-04-26,5,3372,5,Delivered,16017.0
50879,1134,40,2025-07-23,3,1647,20,Shipped,3952.8
50880,1788,85,2025-11-17,2,1329,10,Delivered,2392.2
50881,1907,46,2025-01-31,5,4699,5,Delivered,22320.25
50882,1864,60,2025-04-23,2,1543,5,Delivered,2931.7
50883,1380,19,2025-12-31,3,674,10,Shipped,1819.8
50884,1667,91,2025-11-21,5,2159,10,Cancelled,9715.5
50885,1277,9,2025-12-10,1,22088,15,Delivered,18774.8
50886,1236,69,2025-03-08,3,8955,10,Delivered,24178.5
50887,1752,5,2025-03-16,4,26815,15,Delivered,91171.0
50888,1882,89,2025-02-14,5,2795,15,Delivered,11878.75
50889,1013,26,2025-09-17,3,2503,5,Delivered,7133.55
50890,1342,19,2025-06-03,3,674,0,Delivered,2022.0
50891,1035,30,2025-06-04,5,1539,5,Shipped,7310.25
50892,1559,48,2025-12-29,4,1314,0,Delivered,5256.0
50893,1214,16,2025-08-22,4,5503,5,Delivered,20911.4
50894,1412,71,2025-02-20,3,6182,10,Delivered,16691.4
50895,1405,18,2025-11-02,2,3891,10,Shipped,7003.8
50896,1494,56,2025-09-19,3,345,10,Delivered,931.5
50897,1658,21,2025-11-11,5,10532,5,Delivered,50027.0
50898,1159,31,2025-05-05,5,5642,0,Delivered,28210.0
50899,1956,1,2025-09-02,5,23231,0,Delivered,116155.0
50900,1637,3,2025-01-30,4,51661,10,Delivered,185979.6
50901,1110,95,2025-05-02,1,2751,0,Delivered,2751.0
50902,1549,25,2025-05-05,5,6352,5,Delivered,30172.0
50903,1789,8,2025-02-06,5,28761,0,Delivered,143805.0
50904,1526,65,2025-06-19,2,5691,10,Delivered,10243.8
50905,1985,62,2025-05-04,2,1390,10,Delivered,2502.0
50906,1347,7,2025-12-23,3,27430,5,Delivered,78175.5
50907,1744,7,2025-02-04,3,27430,0,Delivered,82290.0
50908,1828,8,2025-03-28,3,28761,0,Delivered,86283.0
50909,1636,19,2025-05-14,5,674,5,Delivered,3201.5
50910,1279,17,2025-07-15,2,5032,20,Delivered,8051.2
50911,1479,11,2025-10-01,3,29180,5,Shipped,83163.0
50912,1111,49,2025-07-20,2,523,0,Delivered,1046.0
50913,1636,11,2025-10-12,5,29180,0,Delivered,145900.0
50914,1925,41,2025-03-18,5,1300,10,Delivered,5850.0
50915,1431,62,2025-02-28,3,1390,20,Delivered,3336.0
50916,1542,52,2025-05-06,5,644,0,Delivered,3220.0
50917,1115,66,2025-04-19,5,4611,10,Delivered,20749.5
50918,1090,68,2025-08-12,2,636,5,Delivered,1208.4
50919,1212,92,2025-10-05,1,614,15,Delivered,521.9
50920,1550,75,2025-03-09,4,2226,5,Shipped,8458.8
50921,1595,67,2025-03-10,3,607,0,Delivered,1821.0
50922,1539,40,2025-06-14,1,1647,10,Delivered,1482.3
50923,1729,5,2025-11-01,3,26815,15,Delivered,68378.25
50924,1360,85,2025-06-11,1,1329,20,Delivered,1063.2
50925,1486,22,2025-12-31,5,5843,10,Delivered,26293.5
50926,1372,37,2025-12-08,3,3372,0,Delivered,10116.0
50927,1215,11,2025-11-05,1,29180,5,Delivered,27721.0
50928,1733,44,2025-12-09,4,3638,15,Delivered,12369.2
50929,1015,86,2025-02-11,5,1725,5,Delivered,8193.75
50930,1955,53,2025-12-20,3,1998,10,Delivered,5394.6
50931,1259,77,2025-04-19,3,6497,0,Shipped,19491.0
50932,1778,61,2025-02-20,1,1198,0,Delivered,1198.0
50933,1463,67,2025-09-07,3,607,10,Delivered,1638.9
50934,1120,13,2025-12-07,5,61115,5,Delivered,290296.25
50935,1976,92,2025-01-21,2,614,5,Shipped,1166.6
50936,1913,11,2025-10-27,1,29180,10,Delivered,26262.0
50937,1128,11,2025-05-19,4,29180,0,Delivered,116720.0
50938,1723,85,2025-12-25,3,1329,15,Delivered,3388.95
50939,1523,85,2025-11-20,5,1329,0,Delivered,6645.0
50940,1688,7,2025-04-02,3,27430,10,Delivered,74061.0
50941,1645,17,2025-10-07,4,5032,5,Delivered,19121.6
50942,1325,48,2025-05-05,5,1314,5,Delivered,6241.5
50943,1320,14,2025-04-21,4,30827,15,Delivered,104811.8
50944,1506,63,2025-12-20,5,1576,10,Delivered,7092.0
50945,1526,64,2025-05-19,2,359,0,Delivered,718.0
50946,1050,75,2025-09-30,5,2226,0,Shipped,11130.0
50947,1922,77,2025-04-09,4,6497,20,Delivered,20790.4
50948,1584,65,2025-09-09,1,5691,5,Delivered,5406.45
50949,1069,34,2025-12-04,2,5777,5,Delivered,10976.3
50950,1391,9,2025-04-14,3,22088,0,Delivered,66264.0
50951,1383,77,2025-08-02,2,6497,15,Delivered,11044.9
50952,1016,37,2025-09-06,2,3372,0,Delivered,6744.0
50953,1439,30,2025-06-01,3,1539,5,Delivered,4386.15
50954,1846,41,2025-09-07,5,1300,5,Delivered,6175.0
50955,1869,45,2025-10-02,2,3163,15,Shipped,5377.1
50956,1568,47,2025-06-14,2,2845,5,Delivered,5405.5
50957,1617,7,2025-12-07,1,27430,10,Delivered,24687.0
50958,1132,14,2025-01-08,1,30827,5,Delivered,29285.65
50959,1996,48,2025-10-11,4,1314,5,Delivered,4993.2
50960,1560,6,2025-01-05,3,4189,20,Shipped,10053.6
50961,1248,34,2025-05-25,5,5777,15,Cancelled,24552.25
50962,1273,80,2025-04-11,5,936,0,Delivered,4680.0
50963,1623,46,2025-06-13,4,4699,10,Delivered,16916.4
50964,1932,59,2025-05-27,5,1300,15,Delivered,5525.0
50965,1838,70,2025-03-05,5,5295,10,Cancelled,23827.5
50966,1848,8,2025-04-01,1,28761,5,Delivered,27322.95
50967,1349,24,2025-04-27,5,9772,0,Delivered,48860.0
50968,1484,67,2025-12-20,5,607,0,Delivered,3035.0
50969,1550,4,2025-09-24,4,63568,0,Delivered,254272.0
50970,1357,96,2025-11-06,4,3341,10,Delivered,12027.6
50971,1752,1,2025-06-22,2,23231,20,Delivered,37169.6
50972,1318,34,2025-02-16,5,5777,15,Delivered,24552.25
50973,1633,9,2025-05-20,5,22088,0,Delivered,110440.0
50974,1048,63,2025-09-03,5,1576,10,Delivered,7092.0
50975,1010,76,2025-05-29,1,8093,15,Delivered,6879.05
50976,1233,10,2025-09-03,5,2360,5,Shipped,11210.0
50977,1036,10,2025-01-05,1,2360,5,Delivered,2242.0
50978,1413,50,2025-07-03,2,572,10,Delivered,1029.6
50979,1462,44,2025-01-20,3,3638,10,Delivered,9822.6
50980,1004,48,2025-02-15,5,1314,5,Delivered,6241.5
50981,1044,87,2025-01-12,4,3442,5,Delivered,13079.6
50982,1568,6,2025-03-11,4,4189,10,Delivered,15080.4
50983,1554,88,2025-01-17,5,1747,10,Delivered,7861.5
50984,1255,24,2025-05-27,1,9772,10,Delivered,8794.8
50985,1740,85,2025-06-03,4,1329,15,Delivered,4518.6
50986,1114,95,2025-10-31,4,2751,0,Delivered,11004.0
50987,1749,58,2025-04-18,2,1187,5,Delivered,2255.3
50988,1397,64,2025-08-24,2,359,10,Delivered,646.2
50989,1174,94,2025-11-04,2,1737,10,Delivered,3126.6
50990,1255,56,2025-12-18,4,345,20,Delivered,1104.0
50991,1466,82,2025-03-11,4,539,10,Shipped,1940.4
50992,1929,12,2025-07-02,5,16882,10,Delivered,75969.0
50993,1277,35,2025-09-07,5,2774,10,Delivered,12483.0
50994,1464,71,2025-08-16,1,6182,0,Cancelled,6182.0
50995,1847,89,2025-04-12,4,2795,15,Delivered,9503.0
50996,1502,6,2025-03-16,5,4189,5,Delivered,19897.75
50997,1441,65,2025-08-04,5,5691,5,Delivered,27032.25
50998,1069,80,2025-07-22,2,936,0,Delivered,1872.0
50999,1509,60,2025-07-11,2,1543,15,Delivered,2623.1
51000,1326,68,2025-09-06,2,636,20,Shipped,1017.6
51001,1742,29,2025-08-30,3,9500,0,Delivered,28500.0
51002,1067,38,2025-06-28,5,3591,10,Delivered,16159.5
51003,1304,92,2025-08-07,2,614,20,Delivered,982.4
51004,1972,22,2025-03-23,2,5843,10,Delivered,10517.4
51005,1484,8,2025-04-02,4,28761,15,Shipped,97787.4
51006,1929,63,2025-06-24,2,1576,0,Delivered,3152.0
51007,1548,96,2025-08-27,4,3341,0,Delivered,13364.0
51008,1417,13,2025-09-17,1,61115,5,Delivered,58059.25
51009,1159,27,2025-12-31,2,2239,20,Delivered,3582.4
51010,1149,18,2025-06-12,4,3891,15,Delivered,13229.4
51011,1027,18,2025-02-17,2,3891,15,Delivered,6614.7
51012,1987,77,2025-11-25,1,6497,5,Delivered,6172.15
51013,1584,86,2025-11-24,2,1725,10,Cancelled,3105.0
51014,1248,62,2025-04-26,4,1390,10,Delivered,5004.0
51015,1101,14,2025-12-03,1,30827,10,Shipped,27744.3
51016,1702,11,2025-12-03,1,29180,15,Delivered,24803.0
51017,1096,86,2025-08-13,1,1725,0,Delivered,1725.0
51018,1384,17,2025-12-18,3,5032,0,Shipped,15096.0
51019,1282,51,2025-11-24,4,1643,5,Delivered,6243.4
51020,1322,96,2025-05-27,3,3341,0,Shipped,10023.0
51021,1396,14,2025-03-04,1,30827,0,Delivered,30827.0
51022,1278,57,2025-10-21,3,2489,5,Shipped,7093.65
51023,1529,93,2025-11-19,2,2505,0,Delivered,5010.0
51024,1263,6,2025-11-21,3,4189,15,Shipped,10681.95
51025,1619,57,2025-01-13,5,2489,10,Shipped,11200.5
51026,1580,4,2025-07-08,1,63568,5,Delivered,60389.6
51027,1640,11,2025-10-14,1,29180,5,Delivered,27721.0
51028,1293,74,2025-07-27,4,4507,10,Delivered,16225.2
51029,1294,92,2025-04-24,2,614,5,Delivered,1166.6
51030,1608,11,2025-01-22,4,29180,0,Delivered,116720.0
51031,1395,79,2025-12-15,3,2930,10,Delivered,7911.0
51032,1513,8,2025-08-02,5,28761,5,Delivered,136614.75
51033,1921,84,2025-06-20,5,1636,5,Delivered,7771.0
51034,1810,59,2025-11-19,5,1300,5,Delivered,6175.0
51035,1180,21,2025-02-23,5,10532,5,Delivered,50027.0
51036,1920,65,2025-10-25,2,5691,15,Delivered,9674.7
51037,1693,93,2025-11-16,3,2505,5,Delivered,7139.25
51038,1235,24,2025-05-06,5,9772,15,Delivered,41531.0
51039,1952,30,2025-10-04,1,1539,5,Delivered,1462.05
51040,1831,84,2025-07-23,3,1636,15,Delivered,4171.8
51041,1337,57,2025-07-13,2,2489,20,Delivered,3982.4
51042,1008,80,2025-06-18,5,936,0,Cancelled,4680.0
51043,1443,73,2025-06-01,2,8997,0,Delivered,17994.0
51044,1941,95,2025-02-04,5,2751,0,Delivered,13755.0
51045,1539,17,2025-07-03,1,5032,0,Delivered,5032.0
51046,1820,59,2025-10-13,3,1300,5,Delivered,3705.0
51047,1658,31,2025-02-26,1,5642,15,Delivered,4795.7
51048,1091,64,2025-08-10,5,359,20,Cancelled,1436.0
51049,1854,48,2025-10-30,4,1314,5,Delivered,4993.2
51050,1272,23,2025-06-12,3,929,10,Delivered,2508.3
51051,1834,70,2025-01-19,2,5295,10,Cancelled,9531.0
51052,1005,30,2025-09-21,5,1539,5,Delivered,7310.25
51053,1594,55,2025-10-09,1,1272,10,Cancelled,1144.8
51054,1899,7,2025-04-23,4,27430,10,Shipped,98748.0
51055,1219,75,2025-11-23,5,2226,15,Cancelled,9460.5
51056,1118,12,2025-01-30,2,16882,0,Shipped,33764.0
51057,1593,60,2025-05-15,1,1543,5,Delivered,1465.85
51058,1976,52,2025-03-08,3,644,10,Delivered,1738.8
51059,1582,27,2025-03-06,4,2239,0,Delivered,8956.0
51060,1115,12,2025-10-19,5,16882,15,Cancelled,71748.5
51061,1263,13,2025-01-25,5,61115,0,Delivered,305575.0
51062,1306,72,2025-02-06,5,7974,5,Delivered,37876.5
51063,1654,80,2025-01-01,5,936,0,Delivered,4680.0
51064,1422,62,2025-02-06,1,1390,0,Delivered,1390.0
51065,2000,29,2025-05-21,3,9500,5,Delivered,27075.0
51066,1207,35,2025-08-20,2,2774,20,Cancelled,4438.4
51067,1623,60,2025-05-16,4,1543,0,Delivered,6172.0
51068,1303,29,2025-07-07,5,9500,0,Delivered,47500.0
51069,1112,31,2025-05-08,5,5642,10,Delivered,25389.0
51070,1417,77,2025-07-20,3,6497,5,Delivered,18516.45
51071,1555,76,2025-05-07,3,8093,0,Delivered,24279.0
51072,1859,61,2025-09-14,1,1198,10,Delivered,1078.2
51073,1285,2,2025-06-13,1,57785,5,Delivered,54895.75
51074,1640,33,2025-02-04,1,2333,5,Delivered,2216.35
51075,1185,72,2025-07-13,4,7974,10,Delivered,28706.4
51076,1741,62,2025-07-10,1,1390,0,Delivered,1390.0
51077,1901,59,2025-04-14,5,1300,20,Delivered,5200.0
51078,1221,40,2025-01-23,1,1647,0,Delivered,1647.0
51079,1864,49,2025-09-22,4,523,15,Delivered,1778.2
51080,1444,32,2025-10-17,1,6594,10,Delivered,5934.6
51081,1117,38,2025-09-17,1,3591,5,Delivered,3411.45
51082,1070,92,2025-12-24,5,614,0,Delivered,3070.0
51083,1898,79,2025-03-16,5,2930,15,Delivered,12452.5
51084,1070,87,2025-12-21,5,3442,10,Delivered,15489.0
51085,1622,88,2025-03-13,1,1747,5,Delivered,1659.65
51086,1427,13,2025-09-16,5,61115,0,Shipped,305575.0
51087,1644,85,2025-07-07,3,1329,20,Delivered,3189.6
51088,1568,54,2025-06-22,2,1443,5,Cancelled,2741.7
51089,1989,76,2025-10-17,2,8093,0,Delivered,16186.0
51090,1443,13,2025-02-14,5,61115,20,Delivered,244460.0
51091,1601,39,2025-03-02,4,5508,5,Delivered,20930.4
51092,1137,23,2025-03-24,5,929,5,Delivered,4412.75
51093,1504,92,2025-05-03,5,614,10,Delivered,2763.0
51094,1131,14,2025-12-24,1,30827,15,Delivered,26202.95
51095,1218,17,2025-01-16,4,5032,0,Delivered,20128.0
51096,1688,24,2025-03-07,5,9772,15,Delivered,41531.0
51097,1171,58,2025-05-25,3,1187,20,Delivered,2848.8
51098,1475,63,2025-06-11,2,1576,5,Delivered,2994.4
51099,1612,34,2025-08-22,3,5777,5,Shipped,16464.45
51100,1992,51,2025-05-24,3,1643,15,Cancelled,4189.65
51101,1129,86,2025-12-24,3,1725,5,Delivered,4916.25
51102,1057,10,2025-07-07,4,2360,5,Shipped,8968.0
51103,1181,72,2025-11-18,4,7974,10,Cancelled,28706.4
51104,1246,21,2025-01-13,4,10532,15,Delivered,35808.8
51105,1144,37,2025-07-03,2,3372,10,Shipped,6069.6
51106,1051,7,2025-04-21,1,27430,10,Delivered,24687.0
51107,1368,90,2025-10-17,5,3812,5,Delivered,18107.0
51108,1459,13,2025-10-22,5,61115,10,Delivered,275017.5
51109,1218,80,2025-08-03,1,936,0,Delivered,936.0
51110,1616,30,2025-04-30,5,1539,5,Shipped,7310.25
51111,1895,31,2025-02-24,3,5642,0,Delivered,16926.0
51112,1567,5,2025-01-27,2,26815,10,Delivered,48267.0
51113,1257,32,2025-04-28,5,6594,5,Shipped,31321.5
51114,1858,16,2025-08-09,2,5503,10,Shipped,9905.4
51115,1156,73,2025-08-19,1,8997,15,Delivered,7647.45
51116,1565,22,2025-02-22,5,5843,5,Shipped,27754.25
51117,1442,64,2025-10-22,2,359,0,Delivered,718.0
51118,1841,44,2025-11-17,3,3638,0,Delivered,10914.0
51119,1956,40,2025-08-21,3,1647,20,Delivered,3952.8
51120,1699,37,2025-06-07,1,3372,15,Delivered,2866.2
51121,1876,78,2025-09-26,4,4659,0,Delivered,18636.0
51122,1662,16,2025-01-21,5,5503,20,Delivered,22012.0
51123,1776,43,2025-02-22,3,2490,0,Delivered,7470.0
51124,1762,84,2025-10-02,3,1636,10,Delivered,4417.2
51125,1945,63,2025-11-09,1,1576,10,Shipped,1418.4
51126,1810,15,2025-10-08,3,48708,0,Cancelled,146124.0
51127,1923,44,2025-08-02,5,3638,5,Delivered,17280.5
51128,1935,90,2025-01-31,1,3812,15,Delivered,3240.2
51129,1723,9,2025-12-03,2,22088,5,Delivered,41967.2
51130,1025,65,2025-07-02,1,5691,5,Delivered,5406.45
51131,1806,44,2025-01-23,5,3638,10,Delivered,16371.0
51132,1853,20,2025-02-01,5,3455,0,Shipped,17275.0
51133,1664,70,2025-03-15,2,5295,15,Delivered,9001.5
51134,1536,74,2025-01-10,1,4507,0,Shipped,4507.0
51135,1764,33,2025-02-23,5,2333,5,Delivered,11081.75
51136,1060,80,2025-02-21,5,936,15,Delivered,3978.0
51137,1467,6,2025-05-28,2,4189,20,Delivered,6702.4
51138,1434,83,2025-06-09,4,2484,15,Delivered,8445.6
51139,1879,31,2025-01-14,1,5642,0,Delivered,5642.0
51140,1066,66,2025-06-27,5,4611,20,Delivered,18444.0
51141,1910,18,2025-02-22,3,3891,5,Delivered,11089.35
51142,1565,28,2025-12-01,2,11336,5,Cancelled,21538.4
51143,1928,68,2025-01-22,4,636,15,Delivered,2162.4
51144,1106,65,2025-01-30,4,5691,0,Delivered,22764.0
51145,1096,80,2025-07-10,2,936,10,Delivered,1684.8
51146,1988,45,2025-09-17,4,3163,20,Delivered,10121.6
51147,1688,58,2025-07-24,5,1187,0,Delivered,5935.0
51148,1551,47,2025-02-28,4,2845,10,Cancelled,10242.0
51149,1168,66,2025-09-21,1,4611,0,Delivered,4611.0
51150,1042,52,2025-01-12,3,644,15,Delivered,1642.2
51151,1879,36,2025-04-29,5,602,10,Delivered,2709.0
51152,1104,1,2025-10-17,2,23231,0,Delivered,46462.0
51153,1845,39,2025-12-04,3,5508,5,Delivered,15697.8
51154,1204,87,2025-09-05,5,3442,10,Cancelled,15489.0
51155,1520,90,2025-12-20,3,3812,10,Delivered,10292.4
51156,1975,75,2025-05-07,4,2226,5,Delivered,8458.8
51157,1282,1,2025-03-16,2,23231,0,Delivered,46462.0
51158,1908,75,2025-12-27,2,2226,10,Delivered,4006.8
51159,1043,88,2025-07-23,1,1747,0,Delivered,1747.0
51160,1947,74,2025-02-18,4,4507,15,Delivered,15323.8
51161,1110,14,2025-03-20,1,30827,5,Delivered,29285.65
51162,1987,78,2025-08-29,1,4659,10,Delivered,4193.1
51163,1210,71,2025-12-15,4,6182,5,Delivered,23491.6
51164,1749,23,2025-06-03,5,929,10,Shipped,4180.5
51165,1868,43,2025-10-01,1,2490,15,Delivered,2116.5
51166,1831,22,2025-04-06,3,5843,10,Delivered,15776.1
51167,1049,60,2025-08-02,5,1543,10,Delivered,6943.5
51168,1115,27,2025-10-21,4,2239,15,Delivered,7612.6
51169,1155,56,2025-07-28,2,345,10,Delivered,621.0
51170,1649,2,2025-12-09,5,57785,0,Delivered,288925.0
51171,1503,39,2025-03-29,1,5508,15,Delivered,4681.8
51172,1679,51,2025-11-02,3,1643,10,Delivered,4436.1
51173,1833,19,2025-09-21,4,674,5,Delivered,2561.2
51174,1711,62,2025-11-21,2,1390,5,Delivered,2641.0
51175,1986,71,2025-11-16,3,6182,5,Delivered,17618.7
51176,1071,76,2025-06-06,2,8093,0,Delivered,16186.0
51177,1519,67,2025-06-05,4,607,15,Delivered,2063.8
51178,1712,63,2025-05-19,5,1576,15,Delivered,6698.0
51179,1336,5,2025-05-01,1,26815,5,Delivered,25474.25
51180,1067,72,2025-03-06,4,7974,0,Delivered,31896.0
51181,1493,78,2025-04-17,3,4659,0,Delivered,13977.0
51182,1650,61,2025-05-27,5,1198,5,Delivered,5690.5
51183,1754,71,2025-05-17,2,6182,0,Cancelled,12364.0
51184,1967,7,2025-06-11,5,27430,15,Delivered,116577.5
51185,1213,50,2025-04-10,5,572,5,Delivered,2717.0
51186,1181,46,2025-12-04,3,4699,5,Shipped,13392.15
51187,1766,96,2025-11-03,1,3341,0,Delivered,3341.0
51188,1613,72,2025-05-21,5,7974,15,Delivered,33889.5
51189,1863,76,2025-03-24,5,8093,15,Delivered,34395.25
51190,1599,74,2025-06-26,1,4507,5,Shipped,4281.65
51191,1697,14,2025-07-17,1,30827,0,Delivered,30827.0
51192,1603,73,2025-04-22,2,8997,20,Delivered,14395.2
51193,1248,94,2025-02-25,2,1737,5,Delivered,3300.3
51194,1214,69,2025-06-28,1,8955,15,Delivered,7611.75
51195,1359,65,2025-07-05,4,5691,5,Delivered,21625.8
51196,1249,65,2025-08-06,1,5691,15,Delivered,4837.35
51197,1638,57,2025-11-12,2,2489,5,Delivered,4729.1
51198,1923,62,2025-08-05,3,1390,20,Delivered,3336.0
51199,1950,20,2025-04-30,3,3455,15,Shipped,8810.25
51200,1881,75,2025-06-24,5,2226,5,Delivered,10573.5
51201,1516,26,2025-01-23,3,2503,5,Delivered,7133.55
51202,1088,44,2025-08-01,2,3638,0,Delivered,7276.0
51203,1663,67,2025-08-23,3,607,20,Delivered,1456.8
51204,1176,70,2025-01-13,4,5295,0,Shipped,21180.0
51205,1723,62,2025-04-11,1,1390,0,Delivered,1390.0
51206,1426,45,2025-01-24,1,3163,5,Delivered,3004.85
51207,1771,11,2025-12-30,2,29180,10,Delivered,52524.0
51208,1603,72,2025-01-11,5,7974,0,Delivered,39870.0
51209,1771,93,2025-09-30,1,2505,10,Delivered,2254.5
51210,1924,74,2025-10-08,3,4507,15,Delivered,11492.85
51211,1703,34,2025-04-04,4,5777,10,Delivered,20797.2
51212,1081,88,2025-07-20,5,1747,5,Delivered,8298.25
51213,1927,46,2025-01-21,5,4699,0,Delivered,23495.0
51214,1138,81,2025-12-06,5,995,0,Cancelled,4975.0
51215,1433,32,2025-07-30,1,6594,5,Delivered,6264.3
51216,1470,75,2025-05-20,5,2226,5,Delivered,10573.5
51217,1350,88,2025-10-20,2,1747,10,Delivered,3144.6
51218,1126,5,2025-10-25,3,26815,10,Delivered,72400.5
51219,1881,63,2025-04-11,4,1576,5,Shipped,5988.8
51220,1917,29,2025-10-31,3,9500,10,Delivered,25650.0
51221,1868,48,2025-12-25,2,1314,0,Delivered,2628.0
51222,1309,16,2025-01-28,2,5503,15,Cancelled,9355.1
51223,1855,25,2025-02-10,3,6352,0,Cancelled,19056.0
51224,1230,72,2025-12-21,1,7974,5,Delivered,7575.3
51225,1460,29,2025-10-30,2,9500,0,Delivered,19000.0
51226,1345,52,2025-05-26,5,644,10,Delivered,2898.0
51227,1310,46,2025-09-13,4,4699,5,Delivered,17856.2
51228,1953,25,2025-08-15,4,6352,5,Delivered,24137.6
51229,1020,23,2025-08-24,2,929,5,Delivered,1765.1
51230,1881,34,2025-12-27,5,5777,5,Shipped,27440.75
51231,1561,67,2025-01-13,3,607,15,Delivered,1547.85
51232,1647,94,2025-07-29,4,1737,0,Delivered,6948.0
51233,1541,34,2025-08-17,5,5777,15,Delivered,24552.25
51234,1560,32,2025-04-10,5,6594,10,Delivered,29673.0
51235,1477,29,2025-01-31,1,9500,5,Delivered,9025.0
51236,1269,9,2025-01-16,2,22088,20,Delivered,35340.8
51237,1003,66,2025-05-17,5,4611,0,Shipped,23055.0
51238,1770,57,2025-11-25,3,2489,5,Delivered,7093.65
51239,1016,39,2025-06-15,4,5508,5,Delivered,20930.4
51240,1606,7,2025-11-06,1,27430,10,Delivered,24687.0
51241,1358,69,2025-04-10,3,8955,20,Shipped,21492.0
51242,1646,8,2025-04-19,4,28761,10,Delivered,103539.6
51243,1813,96,2025-12-09,2,3341,15,Cancelled,5679.7
51244,1839,18,2025-06-22,3,3891,20,Delivered,9338.4
51245,1133,82,2025-08-25,4,539,5,Delivered,2048.2
51246,1312,49,2025-06-11,1,523,5,Delivered,496.85
51247,1967,16,2025-08-04,4,5503,0,Delivered,22012.0
51248,1482,21,2025-09-21,5,10532,10,Delivered,47394.0
51249,1895,10,2025-09-20,1,2360,0,Shipped,2360.0
51250,1544,4,2025-10-19,3,63568,10,Delivered,171633.6
51251,1305,44,2025-10-01,2,3638,15,Delivered,6184.6
51252,1269,8,2025-01-03,1,28761,15,Delivered,24446.85
51253,1414,55,2025-01-28,1,1272,10,Delivered,1144.8
51254,1025,19,2025-11-22,1,674,15,Delivered,572.9
51255,1981,64,2025-05-29,4,359,10,Delivered,1292.4
51256,1316,40,2025-01-28,5,1647,10,Delivered,7411.5
51257,1571,51,2025-11-06,2,1643,10,Delivered,2957.4
51258,1725,9,2025-03-06,2,22088,0,Delivered,44176.0
51259,1668,30,2025-12-22,5,1539,5,Delivered,7310.25
51260,1826,56,2025-01-21,4,345,10,Delivered,1242.0
51261,1276,81,2025-09-09,4,995,5,Delivered,3781.0
51262,1930,44,2025-08-23,5,3638,15,Delivered,15461.5
51263,1389,59,2025-08-15,5,1300,0,Delivered,6500.0
51264,1722,15,2025-01-13,3,48708,15,Shipped,124205.4
51265,1444,68,2025-11-09,4,636,10,Delivered,2289.6
51266,1999,70,2025-02-18,1,5295,20,Delivered,4236.0
51267,1427,61,2025-04-28,2,1198,5,Delivered,2276.2
51268,1057,80,2025-02-23,4,936,0,Delivered,3744.0
51269,1697,90,2025-05-18,5,3812,15,Delivered,16201.0
51270,1971,23,2025-02-22,1,929,10,Delivered,836.1
51271,1566,77,2025-02-13,3,6497,10,Delivered,17541.9
51272,1721,47,2025-10-30,3,2845,20,Cancelled,6828.0
51273,1368,17,2025-02-22,1,5032,0,Delivered,5032.0
51274,1941,57,2025-03-15,1,2489,5,Delivered,2364.55
51275,1342,54,2025-02-15,5,1443,0,Shipped,7215.0
51276,1805,91,2025-01-13,5,2159,15,Delivered,9175.75
51277,1852,52,2025-06-14,2,644,0,Cancelled,1288.0
51278,1304,22,2025-04-12,2,5843,0,Shipped,11686.0
51279,1764,83,2025-10-07,3,2484,0,Cancelled,7452.0
51280,1374,39,2025-09-15,1,5508,15,Delivered,4681.8
51281,1950,13,2025-12-03,3,61115,10,Delivered,165010.5
51282,1816,78,2025-12-22,5,4659,5,Shipped,22130.25
51283,1112,95,2025-05-18,4,2751,0,Shipped,11004.0
51284,1878,66,2025-06-12,5,4611,5,Cancelled,21902.25
51285,1006,52,2025-04-21,4,644,10,Shipped,2318.4
51286,1930,14,2025-04-12,1,30827,5,Delivered,29285.65
51287,1703,73,2025-01-17,1,8997,5,Delivered,8547.15
51288,1846,74,2025-09-25,1,4507,10,Delivered,4056.3
51289,1944,63,2025-07-01,2,1576,20,Delivered,2521.6
51290,1279,71,2025-01-24,2,6182,5,Delivered,11745.8
51291,1382,28,2025-01-29,4,11336,5,Delivered,43076.8
51292,1852,89,2025-06-20,3,2795,5,Delivered,7965.75
51293,1013,46,2025-08-16,3,4699,5,Delivered,13392.15
51294,1303,28,2025-07-07,4,11336,10,Cancelled,40809.6
51295,1556,2,2025-12-12,2,57785,5,Delivered,109791.5
51296,1617,17,2025-08-18,5,5032,15,Delivered,21386.0
51297,1160,59,2025-11-17,4,1300,10,Delivered,4680.0
51298,1154,52,2025-12-06,3,644,5,Shipped,1835.4
51299,1754,4,2025-04-29,4,63568,15,Delivered,216131.2
51300,1181,77,2025-06-05,4,6497,5,Delivered,24688.6
51301,1526,82,2025-09-29,1,539,10,Delivered,485.1
51302,1180,3,2025-06-24,2,51661,20,Delivered,82657.6
51303,1377,37,2025-04-14,1,3372,15,Delivered,2866.2
51304,1804,24,2025-04-02,2,9772,15,Delivered,16612.4
51305,1776,72,2025-07-05,4,7974,10,Shipped,28706.4
51306,1168,35,2025-10-10,2,2774,5,Delivered,5270.6
51307,1214,2,2025-06-30,3,57785,20,Delivered,138684.0
51308,1150,33,2025-06-19,1,2333,0,Delivered,2333.0
51309,1016,76,2025-07-06,4,8093,15,Delivered,27516.2
51310,1091,86,2025-06-24,3,1725,20,Delivered,4140.0
51311,1120,77,2025-08-10,2,6497,15,Delivered,11044.9
51312,1956,10,2025-08-21,2,2360,0,Cancelled,4720.0
51313,1253,81,2025-06-11,3,995,15,Delivered,2537.25
51314,1060,62,2025-05-14,2,1390,10,Cancelled,2502.0
51315,1266,43,2025-08-12,1,2490,10,Shipped,2241.0
51316,1409,69,2025-06-02,5,8955,15,Delivered,38058.75
51317,1031,59,2025-02-02,2,1300,5,Delivered,2470.0
51318,1021,9,2025-02-24,4,22088,5,Delivered,83934.4
51319,1731,77,2025-01-07,2,6497,10,Delivered,11694.6
51320,1593,60,2025-09-01,4,1543,0,Delivered,6172.0
51321,1289,63,2025-11-09,2,1576,10,Delivered,2836.8
51322,1543,52,2025-05-06,2,644,5,Shipped,1223.6
51323,1498,23,2025-01-12,4,929,10,Delivered,3344.4
51324,1746,30,2025-01-16,1,1539,0,Delivered,1539.0
51325,1474,43,2025-07-27,5,2490,0,Delivered,12450.0
51326,1405,68,2025-02-12,5,636,10,Shipped,2862.0
51327,1548,21,2025-05-15,1,10532,10,Delivered,9478.8
51328,1961,43,2025-08-16,2,2490,5,Delivered,4731.0
51329,1132,73,2025-04-21,5,8997,15,Delivered,38237.25
51330,1324,7,2025-11-03,1,27430,10,Delivered,24687.0
51331,1858,16,2025-06-09,1,5503,15,Cancelled,4677.55
51332,1132,23,2025-11-27,5,929,5,Delivered,4412.75
51333,1521,58,2025-09-21,4,1187,0,Delivered,4748.0
51334,1030,87,2025-08-13,3,3442,5,Delivered,9809.7
51335,1627,31,2025-08-05,4,5642,0,Shipped,22568.0
51336,1301,69,2025-02-14,2,8955,20,Delivered,14328.0
51337,1004,6,2025-08-02,4,4189,20,Delivered,13404.8
51338,1325,65,2025-02-28,3,5691,15,Delivered,14512.05
51339,1509,59,2025-05-12,3,1300,5,Delivered,3705.0
51340,1237,28,2025-04-14,1,11336,5,Delivered,10769.2
51341,1535,18,2025-07-14,2,3891,15,Delivered,6614.7
51342,1016,88,2025-06-06,1,1747,10,Delivered,1572.3
51343,1534,77,2025-04-08,4,6497,20,Delivered,20790.4
51344,1997,10,2025-08-14,4,2360,5,Shipped,8968.0
51345,1584,7,2025-07-24,5,27430,5,Delivered,130292.5
51346,1816,37,2025-03-20,1,3372,20,Delivered,2697.6
51347,1446,96,2025-05-04,1,3341,20,Delivered,2672.8
51348,1993,45,2025-08-06,1,3163,15,Delivered,2688.55
51349,1503,86,2025-01-04,1,1725,5,Delivered,1638.75
51350,1956,16,2025-03-31,3,5503,15,Shipped,14032.65
51351,1230,88,2025-04-14,5,1747,5,Delivered,8298.25
51352,1107,14,2025-04-29,2,30827,5,Delivered,58571.3
51353,1720,11,2025-05-13,2,29180,10,Delivered,52524.0
51354,1389,83,2025-11-08,2,2484,15,Delivered,4222.8
51355,1720,87,2025-04-06,3,3442,0,Delivered,10326.0
51356,1263,34,2025-11-27,5,5777,10,Cancelled,25996.5
51357,1563,60,2025-05-23,5,1543,10,Shipped,6943.5
51358,1065,13,2025-10-15,3,61115,10,Shipped,165010.5
51359,1265,39,2025-01-28,1,5508,0,Delivered,5508.0
51360,1338,44,2025-10-05,4,3638,0,Cancelled,14552.0
51361,1301,28,2025-08-21,1,11336,15,Delivered,9635.6
51362,1378,40,2025-01-17,2,1647,10,Shipped,2964.6
51363,1175,16,2025-02-28,1,5503,15,Delivered,4677.55
51364,1963,50,2025-03-31,3,572,5,Delivered,1630.2
51365,1152,28,2025-07-18,2,11336,0,Shipped,22672.0
51366,1476,68,2025-12-28,4,636,5,Delivered,2416.8
51367,1266,92,2025-01-26,2,614,0,Cancelled,1228.0
51368,1329,60,2025-01-25,1,1543,0,Delivered,1543.0
51369,1973,12,2025-10-28,5,16882,0,Cancelled,84410.0
51370,1816,16,2025-12-05,5,5503,10,Delivered,24763.5
51371,1163,53,2025-09-24,5,1998,15,Delivered,8491.5
51372,1438,54,2025-06-30,2,1443,15,Delivered,2453.1
51373,1343,49,2025-12-26,5,523,20,Delivered,2092.0
51374,1367,36,2025-03-09,3,602,10,Delivered,1625.4
51375,1465,62,2025-12-17,4,1390,0,Delivered,5560.0
51376,1750,84,2025-11-17,5,1636,5,Delivered,7771.0
51377,1199,26,2025-02-18,3,2503,0,Delivered,7509.0
51378,1500,56,2025-06-24,3,345,15,Delivered,879.75
51379,1016,90,2025-02-21,2,3812,0,Delivered,7624.0
51380,1821,22,2025-04-12,2,5843,0,Delivered,11686.0
51381,1296,73,2025-08-04,4,8997,0,Delivered,35988.0
51382,1868,69,2025-07-07,4,8955,20,Cancelled,28656.0
51383,1511,81,2025-02-26,1,995,15,Delivered,845.75
51384,1788,49,2025-02-16,4,523,5,Delivered,1987.4
51385,1984,2,2025-06-08,2,57785,5,Delivered,109791.5
51386,1239,53,2025-06-23,3,1998,0,Delivered,5994.0
51387,1581,7,2025-08-30,1,27430,0,Delivered,27430.0
51388,1301,77,2025-10-09,4,6497,5,Delivered,24688.6
51389,1006,20,2025-08-29,3,3455,5,Delivered,9846.75
51390,1220,94,2025-01-05,2,1737,10,Shipped,3126.6
51391,1766,30,2025-03-25,5,1539,5,Shipped,7310.25
51392,1453,75,2025-11-04,1,2226,20,Shipped,1780.8
51393,1433,95,2025-12-27,3,2751,5,Delivered,7840.35
51394,1807,67,2025-09-05,2,607,20,Delivered,971.2
51395,1870,59,2025-02-23,2,1300,10,Delivered,2340.0
51396,1386,66,2025-06-10,1,4611,15,Delivered,3919.35
51397,1619,3,2025-08-14,1,51661,10,Delivered,46494.9
51398,1295,56,2025-01-15,4,345,10,Delivered,1242.0
51399,1118,79,2025-08-12,4,2930,10,Delivered,10548.0
51400,1405,17,2025-03-02,1,5032,5,Delivered,4780.4
51401,1680,52,2025-05-02,1,644,5,Delivered,611.8
51402,1997,7,2025-10-04,3,27430,0,Delivered,82290.0
51403,1763,5,2025-02-15,4,26815,5,Delivered,101897.0
51404,1594,54,2025-10-21,2,1443,0,Delivered,2886.0
51405,1566,61,2025-03-03,4,1198,5,Delivered,4552.4
51406,1752,16,2025-03-27,4,5503,15,Delivered,18710.2
51407,1878,67,2025-07-29,1,607,15,Delivered,515.95
51408,1012,59,2025-03-19,1,1300,10,Delivered,1170.0
51409,1209,47,2025-07-21,4,2845,5,Delivered,10811.0
51410,1165,48,2025-10-29,5,1314,0,Delivered,6570.0
51411,1878,64,2025-08-11,5,359,5,Delivered,1705.25
51412,1294,50,2025-08-10,4,572,10,Delivered,2059.2
51413,1911,85,2025-01-03,5,1329,20,Delivered,5316.0
51414,1519,41,2025-01-06,4,1300,0,Delivered,5200.0
51415,1078,72,2025-04-03,1,7974,10,Delivered,7176.6
51416,1434,22,2025-01-08,1,5843,10,Delivered,5258.7
51417,1577,54,2025-08-23,1,1443,0,Delivered,1443.0
51418,1614,5,2025-04-18,2,26815,20,Delivered,42904.0
51419,1963,17,2025-06-10,1,5032,5,Delivered,4780.4
51420,1869,78,2025-07-28,1,4659,20,Delivered,3727.2
51421,1812,41,2025-08-28,4,1300,10,Delivered,4680.0
51422,1799,92,2025-11-27,5,614,0,Delivered,3070.0
51423,1683,95,2025-11-29,5,2751,5,Delivered,13067.25
51424,1077,81,2025-02-19,1,995,0,Delivered,995.0
51425,1048,35,2025-01-11,1,2774,5,Delivered,2635.3
51426,1767,40,2025-12-17,1,1647,20,Delivered,1317.6
51427,1082,22,2025-06-05,4,5843,15,Cancelled,19866.2
51428,1895,48,2025-03-11,4,1314,10,Delivered,4730.4
51429,1721,53,2025-06-18,4,1998,10,Delivered,7192.8
51430,1209,93,2025-09-29,5,2505,5,Cancelled,11898.75
51431,1445,10,2025-03-09,2,2360,0,Delivered,4720.0
51432,1971,18,2025-12-21,5,3891,0,Delivered,19455.0
51433,1596,80,2025-09-09,4,936,0,Delivered,3744.0
51434,1522,49,2025-02-17,3,523,5,Delivered,1490.55
51435,1029,71,2025-07-03,2,6182,10,Delivered,11127.6
51436,1304,30,2025-11-16,1,1539,0,Delivered,1539.0
51437,1994,19,2025-07-06,5,674,20,Delivered,2696.0
51438,1465,55,2025-03-31,2,1272,0,Delivered,2544.0
51439,1502,60,2025-11-28,3,1543,0,Delivered,4629.0
51440,1446,87,2025-05-19,2,3442,10,Shipped,6195.6
51441,1628,72,2025-12-23,5,7974,15,Cancelled,33889.5
51442,1490,81,2025-03-30,4,995,20,Delivered,3184.0
51443,1781,21,2025-10-01,1,10532,10,Delivered,9478.8
51444,1428,26,2025-01-19,4,2503,0,Delivered,10012.0
51445,1559,28,2025-11-07,4,11336,20,Delivered,36275.2
51446,1359,39,2025-12-24,5,5508,20,Cancelled,22032.0
51447,1960,33,2025-06-03,4,2333,20,Shipped,7465.6
51448,1091,40,2025-09-17,4,1647,15,Delivered,5599.8
51449,1053,83,2025-04-18,5,2484,0,Delivered,12420.0
51450,1730,29,2025-10-12,5,9500,15,Delivered,40375.0
51451,1860,20,2025-02-28,3,3455,20,Delivered,8292.0
51452,1589,20,2025-05-05,4,3455,10,Delivered,12438.0
51453,1204,74,2025-12-20,2,4507,15,Delivered,7661.9
51454,1556,12,2025-09-30,1,16882,10,Cancelled,15193.8
51455,1156,25,2025-04-17,1,6352,5,Delivered,6034.4
51456,1002,25,2025-10-26,5,6352,10,Shipped,28584.0
51457,1357,4,2025-09-02,5,63568,15,Delivered,270164.0
51458,1825,4,2025-12-02,3,63568,5,Shipped,181168.8
51459,1569,9,2025-09-04,4,22088,10,Delivered,79516.8
51460,1802,15,2025-01-08,5,48708,10,Delivered,219186.0
51461,1983,26,2025-05-21,5,2503,5,Shipped,11889.25
51462,1058,79,2025-12-28,1,2930,10,Delivered,2637.0
51463,1254,90,2025-01-08,4,3812,10,Delivered,13723.2
51464,1180,92,2025-12-18,3,614,0,Delivered,1842.0
51465,1493,71,2025-04-04,5,6182,15,Cancelled,26273.5
51466,1669,32,2025-11-17,5,6594,20,Delivered,26376.0
51467,1035,76,2025-02-08,5,8093,0,Delivered,40465.0
51468,1075,52,2025-03-22,1,644,10,Shipped,579.6
51469,1944,32,2025-07-06,5,6594,5,Delivered,31321.5
51470,1289,9,2025-03-25,5,22088,10,Cancelled,99396.0
51471,1371,78,2025-03-29,1,4659,5,Delivered,4426.05
51472,1587,13,2025-08-30,5,61115,5,Delivered,290296.25
51473,1329,56,2025-12-08,4,345,5,Delivered,1311.0
51474,1590,44,2025-04-03,4,3638,0,Delivered,14552.0
51475,1767,96,2025-03-27,1,3341,5,Delivered,3173.95
51476,1777,83,2025-02-13,4,2484,10,Delivered,8942.4
51477,1999,30,2025-05-17,3,1539,0,Shipped,4617.0
51478,1304,16,2025-03-15,5,5503,5,Cancelled,26139.25
51479,1579,12,2025-02-05,3,16882,0,Delivered,50646.0
51480,1221,74,2025-04-11,4,4507,5,Delivered,17126.6
51481,1979,66,2025-06-05,1,4611,0,Delivered,4611.0
51482,1164,18,2025-09-12,1,3891,5,Delivered,3696.45
51483,1480,13,2025-06-20,3,61115,15,Delivered,155843.25
51484,1455,93,2025-08-04,4,2505,10,Delivered,9018.0
51485,1375,24,2025-06-19,5,9772,10,Delivered,43974.0
51486,1220,12,2025-09-09,4,16882,10,Delivered,60775.2
51487,1684,60,2025-12-26,4,1543,20,Delivered,4937.6
51488,1254,60,2025-11-18,1,1543,10,Delivered,1388.7
51489,1722,93,2025-02-24,2,2505,0,Delivered,5010.0
51490,1188,86,2025-04-01,5,1725,20,Delivered,6900.0
51491,1191,1,2025-10-05,5,23231,0,Delivered,116155.0
51492,1389,43,2025-04-11,1,2490,20,Delivered,1992.0
51493,1215,55,2025-06-04,4,1272,5,Delivered,4833.6
51494,1375,40,2025-12-15,1,1647,0,Delivered,1647.0
51495,1086,64,2025-12-30,4,359,15,Cancelled,1220.6
51496,1474,34,2025-05-21,2,5777,0,Delivered,11554.0
51497,1618,34,2025-06-22,2,5777,0,Delivered,11554.0
51498,1844,48,2025-01-10,3,1314,5,Delivered,3744.9
51499,1808,33,2025-08-16,4,2333,10,Delivered,8398.8
51500,1531,68,2025-09-22,1,636,0,Delivered,636.0
51501,1047,30,2025-09-05,1,1539,10,Delivered,1385.1
51502,1065,84,2025-09-04,1,1636,15,Delivered,1390.6
51503,1963,90,2025-06-04,3,3812,0,Delivered,11436.0
51504,1475,79,2025-02-03,5,2930,10,Delivered,13185.0
51505,1146,71,2025-05-09,1,6182,20,Shipped,4945.6
51506,1946,71,2025-06-09,2,6182,20,Delivered,9891.2
51507,1798,29,2025-03-30,1,9500,0,Delivered,9500.0
51508,1382,23,2025-04-03,1,929,15,Delivered,789.65
51509,1066,34,2025-11-23,1,5777,15,Delivered,4910.45
51510,1517,84,2025-08-29,5,1636,15,Delivered,6953.0
51511,1093,15,2025-11-19,1,48708,5,Delivered,46272.6
51512,1865,53,2025-04-27,5,1998,5,Delivered,9490.5
51513,1426,17,2025-04-04,5,5032,0,Shipped,25160.0
51514,1468,64,2025-06-12,3,359,5,Delivered,1023.15
51515,1094,84,2025-04-09,2,1636,0,Delivered,3272.0
51516,1618,61,2025-04-23,1,1198,15,Delivered,1018.3
51517,1133,57,2025-12-25,1,2489,0,Shipped,2489.0
51518,1434,77,2025-04-01,1,6497,15,Delivered,5522.45
51519,1341,88,2025-12-12,5,1747,0,Cancelled,8735.0
51520,1314,37,2025-07-25,4,3372,5,Shipped,12813.6
51521,1591,7,2025-01-17,2,27430,5,Delivered,52117.0
51522,1212,8,2025-10-01,1,28761,10,Delivered,25884.9
51523,1520,87,2025-06-22,4,3442,10,Shipped,12391.2
51524,1159,78,2025-04-26,4,4659,10,Delivered,16772.4
51525,1268,68,2025-12-15,4,636,0,Shipped,2544.0
51526,1661,21,2025-06-30,2,10532,0,Delivered,21064.0
51527,1862,61,2025-04-01,4,1198,10,Delivered,4312.8
51528,1958,74,2025-03-23,1,4507,0,Delivered,4507.0
51529,1603,86,2025-11-20,1,1725,0,Delivered,1725.0
51530,1748,94,2025-04-24,3,1737,0,Delivered,5211.0
51531,1474,94,2025-09-14,5,1737,15,Delivered,7382.25
51532,1801,80,2025-02-27,4,936,10,Cancelled,3369.6
51533,1410,75,2025-06-03,5,2226,0,Delivered,11130.0
51534,1474,86,2025-12-31,5,1725,0,Delivered,8625.0
51535,1356,29,2025-04-26,5,9500,5,Delivered,45125.0
51536,1680,25,2025-12-09,5,6352,5,Delivered,30172.0
51537,1193,58,2025-09-23,5,1187,10,Shipped,5341.5
51538,1699,14,2025-11-11,1,30827,20,Delivered,24661.6
51539,1271,78,2025-07-22,2,4659,5,Delivered,8852.1
51540,1114,66,2025-02-10,4,4611,10,Delivered,16599.6
51541,1897,54,2025-04-15,4,1443,10,Delivered,5194.8
51542,1523,77,2025-07-12,1,6497,5,Delivered,6172.15
51543,1055,67,2025-10-05,1,607,0,Delivered,607.0
51544,1770,30,2025-12-20,5,1539,5,Delivered,7310.25
51545,1065,18,2025-08-25,2,3891,5,Delivered,7392.9
51546,1991,54,2025-08-09,4,1443,10,Delivered,5194.8
51547,1684,21,2025-03-09,3,10532,0,Delivered,31596.0
51548,1272,53,2025-07-16,1,1998,10,Delivered,1798.2
51549,1502,83,2025-09-13,3,2484,15,Delivered,6334.2
51550,1662,16,2025-05-19,4,5503,5,Delivered,20911.4
51551,1362,28,2025-11-08,1,11336,0,Delivered,11336.0
51552,1146,4,2025-05-29,4,63568,10,Delivered,228844.8
51553,1943,55,2025-04-09,1,1272,20,Cancelled,1017.6
51554,1209,15,2025-03-17,4,48708,10,Delivered,175348.8
51555,1286,64,2025-10-09,3,359,0,Delivered,1077.0
51556,1010,65,2025-04-19,2,5691,5,Delivered,10812.9
51557,1739,16,2025-07-07,1,5503,20,Delivered,4402.4
51558,1186,20,2025-07-18,3,3455,10,Delivered,9328.5
51559,1574,64,2025-10-30,4,359,0,Delivered,1436.0
51560,1597,33,2025-11-23,3,2333,10,Delivered,6299.1
51561,1464,81,2025-06-03,1,995,5,Shipped,945.25
51562,1134,69,2025-02-09,3,8955,5,Cancelled,25521.75
51563,1835,69,2025-05-13,4,8955,5,Shipped,34029.0
51564,1809,58,2025-05-12,5,1187,10,Delivered,5341.5
51565,1171,39,2025-10-06,2,5508,0,Delivered,11016.0
51566,1213,77,2025-12-28,2,6497,5,Delivered,12344.3
51567,1973,36,2025-03-25,5,602,10,Cancelled,2709.0
51568,1530,94,2025-08-30,1,1737,10,Shipped,1563.3
51569,1826,68,2025-04-26,3,636,0,Cancelled,1908.0
51570,1502,87,2025-04-19,3,3442,5,Shipped,9809.7
51571,1572,21,2025-08-09,5,10532,0,Delivered,52660.0
51572,1600,63,2025-02-10,5,1576,10,Delivered,7092.0
51573,1027,85,2025-05-27,4,1329,5,Cancelled,5050.2
51574,1068,6,2025-04-22,4,4189,0,Delivered,16756.0
51575,1790,24,2025-04-13,2,9772,5,Shipped,18566.8
51576,1408,53,2025-02-15,1,1998,20,Cancelled,1598.4
51577,1552,95,2025-11-20,1,2751,20,Delivered,2200.8
51578,1109,83,2025-09-28,5,2484,5,Delivered,11799.0
51579,1074,76,2025-07-14,2,8093,5,Delivered,15376.7
51580,1578,78,2025-10-07,2,4659,0,Delivered,9318.0
51581,1680,50,2025-10-10,4,572,0,Delivered,2288.0
51582,1262,12,2025-02-09,3,16882,10,Delivered,45581.4
51583,1368,56,2025-07-08,1,345,15,Delivered,293.25
51584,1786,15,2025-06-13,2,48708,15,Delivered,82803.6
51585,1849,83,2025-01-24,4,2484,20,Cancelled,7948.8
51586,1870,92,2025-01-24,4,614,20,Delivered,1964.8
51587,1237,40,2025-01-04,4,1647,0,Shipped,6588.0
51588,1727,41,2025-11-19,3,1300,20,Delivered,3120.0
51589,1366,69,2025-10-17,2,8955,5,Delivered,17014.5
51590,1286,69,2025-06-30,5,8955,15,Delivered,38058.75
51591,1378,6,2025-09-05,5,4189,5,Delivered,19897.75
51592,1661,87,2025-04-26,4,3442,5,Delivered,13079.6
51593,1830,67,2025-10-06,4,607,0,Delivered,2428.0
51594,1906,33,2025-12-31,3,2333,0,Delivered,6999.0
51595,1376,43,2025-03-10,4,2490,10,Delivered,8964.0
51596,1619,21,2025-12-17,2,10532,20,Delivered,16851.2
51597,1653,84,2025-09-11,4,1636,0,Delivered,6544.0
51598,1076,65,2025-06-30,4,5691,0,Delivered,22764.0
51599,1009,17,2025-11-14,2,5032,0,Shipped,10064.0
51600,1196,93,2025-06-18,1,2505,0,Shipped,2505.0
51601,1807,8,2025-11-09,5,28761,5,Delivered,136614.75
51602,1792,64,2025-09-06,4,359,0,Delivered,1436.0
51603,1893,90,2025-07-07,2,3812,0,Delivered,7624.0
51604,1630,28,2025-02-23,5,11336,20,Delivered,45344.0
51605,1290,90,2025-11-22,3,3812,15,Delivered,9720.6
51606,1999,13,2025-12-23,1,61115,5,Delivered,58059.25
51607,1061,13,2025-11-09,4,61115,20,Delivered,195568.0
51608,1937,38,2025-05-18,1,3591,5,Shipped,3411.45
51609,1389,25,2025-06-17,4,6352,10,Cancelled,22867.2
51610,1847,62,2025-04-13,4,1390,10,Cancelled,5004.0
51611,1818,23,2025-03-26,4,929,0,Shipped,3716.0
51612,1900,86,2025-11-13,1,1725,5,Shipped,1638.75
51613,1563,21,2025-07-31,3,10532,20,Delivered,25276.8
51614,1564,54,2025-01-03,2,1443,0,Shipped,2886.0
51615,1634,63,2025-06-28,2,1576,0,Delivered,3152.0
51616,1679,30,2025-12-08,3,1539,20,Delivered,3693.6
51617,1008,75,2025-10-30,3,2226,0,Delivered,6678.0
51618,1369,68,2025-11-28,4,636,5,Delivered,2416.8
51619,1045,76,2025-02-07,4,8093,20,Delivered,25897.6
51620,1344,73,2025-08-27,2,8997,20,Delivered,14395.2
51621,1757,32,2025-06-18,4,6594,20,Delivered,21100.8
51622,1796,75,2025-12-09,4,2226,5,Delivered,8458.8
51623,1375,24,2025-11-10,3,9772,0,Shipped,29316.0
51624,1619,7,2025-11-02,1,27430,15,Shipped,23315.5
51625,1027,72,2025-01-30,5,7974,10,Delivered,35883.0
51626,1193,89,2025-07-09,5,2795,10,Shipped,12577.5
51627,1930,1,2025-12-23,4,23231,15,Delivered,78985.4
51628,1849,3,2025-01-25,4,51661,20,Cancelled,165315.2
51629,1357,28,2025-04-22,5,11336,10,Delivered,51012.0
51630,1062,43,2025-07-25,3,2490,0,Delivered,7470.0
51631,1062,46,2025-07-04,5,4699,0,Shipped,23495.0
51632,1422,1,2025-02-16,5,23231,5,Delivered,110347.25
51633,1794,38,2025-08-16,5,3591,5,Delivered,17057.25
51634,1633,91,2025-02-08,4,2159,0,Delivered,8636.0
51635,1792,35,2025-01-16,4,2774,10,Delivered,9986.4
51636,1551,74,2025-01-22,5,4507,10,Delivered,20281.5
51637,1380,76,2025-08-01,4,8093,10,Delivered,29134.8
51638,1277,74,2025-11-06,5,4507,0,Shipped,22535.0
51639,1606,54,2025-05-29,3,1443,5,Cancelled,4112.55
51640,1431,24,2025-08-29,4,9772,0,Delivered,39088.0
51641,1115,28,2025-09-29,1,11336,10,Delivered,10202.4
51642,1688,22,2025-02-28,4,5843,10,Delivered,21034.8
51643,1121,16,2025-10-14,3,5503,10,Delivered,14858.1
51644,1525,13,2025-07-21,3,61115,5,Delivered,174177.75
51645,1997,62,2025-02-01,4,1390,0,Delivered,5560.0
51646,1899,43,2025-06-11,2,2490,15,Delivered,4233.0
51647,1416,87,2025-09-12,5,3442,0,Delivered,17210.0
51648,1163,78,2025-09-11,5,4659,10,Delivered,20965.5
51649,1787,32,2025-01-09,3,6594,0,Delivered,19782.0
51650,1910,67,2025-05-19,4,607,0,Delivered,2428.0
51651,1688,91,2025-01-10,2,2159,5,Delivered,4102.1
51652,1982,83,2025-08-02,1,2484,15,Delivered,2111.4
51653,1337,86,2025-09-30,5,1725,0,Delivered,8625.0
51654,1379,57,2025-11-20,2,2489,20,Delivered,3982.4
51655,1324,65,2025-02-17,5,5691,15,Delivered,24186.75
51656,1173,69,2025-04-21,4,8955,10,Delivered,32238.0
51657,2000,49,2025-06-02,5,523,5,Shipped,2484.25
51658,1787,33,2025-05-03,1,2333,20,Delivered,1866.4
51659,1064,19,2025-12-23,4,674,10,Delivered,2426.4
51660,1101,36,2025-04-12,3,602,5,Delivered,1715.7
51661,1322,70,2025-08-29,2,5295,10,Delivered,9531.0
51662,1975,15,2025-11-17,5,48708,0,Delivered,243540.0
51663,1066,24,2025-07-10,4,9772,5,Delivered,37133.6
51664,1843,27,2025-08-05,4,2239,20,Delivered,7164.8
51665,1557,49,2025-02-20,5,523,15,Delivered,2222.75
51666,1599,75,2025-10-19,3,2226,10,Delivered,6010.2
51667,1458,23,2025-03-22,5,929,5,Delivered,4412.75
51668,1579,33,2025-03-29,3,2333,15,Delivered,5949.15
51669,1453,41,2025-07-13,5,1300,10,Delivered,5850.0
51670,1259,56,2025-04-14,4,345,5,Delivered,1311.0
51671,1934,29,2025-09-28,1,9500,10,Delivered,8550.0
51672,1717,31,2025-04-06,1,5642,0,Cancelled,5642.0
51673,1426,65,2025-07-17,4,5691,0,Shipped,22764.0
51674,1979,18,2025-01-01,1,3891,20,Delivered,3112.8
51675,1936,82,2025-06-16,3,539,20,Delivered,1293.6
51676,1178,6,2025-05-06,4,4189,5,Delivered,15918.2
51677,1931,52,2025-11-09,3,644,10,Delivered,1738.8
51678,1280,40,2025-03-22,4,1647,15,Delivered,5599.8
51679,1344,65,2025-09-08,3,5691,10,Delivered,15365.7
51680,1017,42,2025-06-18,3,1121,0,Shipped,3363.0
51681,1296,94,2025-03-14,1,1737,5,Delivered,1650.15
51682,1202,68,2025-05-21,4,636,5,Delivered,2416.8
51683,1962,32,2025-03-11,5,6594,20,Delivered,26376.0
51684,1684,10,2025-09-19,1,2360,10,Delivered,2124.0
51685,1919,69,2025-12-06,3,8955,0,Delivered,26865.0
51686,1774,9,2025-11-04,3,22088,20,Delivered,53011.2
51687,1194,69,2025-09-02,5,8955,20,Delivered,35820.0
51688,1149,61,2025-01-03,5,1198,5,Delivered,5690.5
51689,1375,11,2025-12-03,3,29180,10,Delivered,78786.0
51690,1888,91,2025-03-04,5,2159,10,Delivered,9715.5
51691,1035,68,2025-02-18,2,636,10,Delivered,1144.8
51692,1369,74,2025-03-17,1,4507,10,Delivered,4056.3
51693,1029,8,2025-06-24,4,28761,10,Delivered,103539.6
51694,1775,49,2025-04-19,5,523,20,Delivered,2092.0
51695,1221,24,2025-07-02,5,9772,10,Shipped,43974.0
51696,1053,33,2025-07-11,2,2333,0,Delivered,4666.0
51697,1933,19,2025-03-06,4,674,0,Delivered,2696.0
51698,1791,2,2025-12-03,2,57785,0,Delivered,115570.0
51699,1353,55,2025-09-28,4,1272,5,Delivered,4833.6
51700,1392,11,2025-04-10,1,29180,5,Delivered,27721.0
51701,1076,17,2025-02-01,5,5032,15,Delivered,21386.0
51702,1494,42,2025-12-18,1,1121,15,Delivered,952.85
51703,1688,61,2025-05-08,4,1198,15,Delivered,4073.2
51704,1522,3,2025-12-05,5,51661,15,Delivered,219559.25
51705,1975,86,2025-02-12,2,1725,5,Delivered,3277.5
51706,1117,35,2025-03-19,3,2774,5,Delivered,7905.9
51707,1280,85,2025-11-10,2,1329,5,Cancelled,2525.1
51708,1730,89,2025-10-16,3,2795,0,Shipped,8385.0
51709,1175,66,2025-09-27,2,4611,20,Delivered,7377.6
51710,1746,1,2025-06-11,4,23231,10,Delivered,83631.6
51711,1949,7,2025-07-08,1,27430,0,Delivered,27430.0
51712,1764,20,2025-09-04,3,3455,0,Delivered,10365.0
51713,1295,43,2025-08-04,4,2490,5,Delivered,9462.0
51714,1451,6,2025-11-11,1,4189,0,Delivered,4189.0
51715,1834,55,2025-12-05,1,1272,5,Delivered,1208.4
51716,1518,21,2025-06-17,5,10532,10,Delivered,47394.0
51717,1021,51,2025-12-05,5,1643,20,Delivered,6572.0
51718,1073,46,2025-07-12,5,4699,20,Delivered,18796.0
51719,1842,35,2025-10-10,3,2774,10,Delivered,7489.8
51720,1036,8,2025-12-02,3,28761,5,Delivered,81968.85
51721,1507,68,2025-01-13,1,636,20,Delivered,508.8
51722,1899,16,2025-08-28,3,5503,15,Cancelled,14032.65
51723,1233,67,2025-11-16,1,607,10,Cancelled,546.3
51724,1728,71,2025-05-27,4,6182,15,Delivered,21018.8
51725,1982,64,2025-07-23,2,359,5,Shipped,682.1
51726,1497,2,2025-03-21,1,57785,0,Delivered,57785.0
51727,1206,1,2025-02-12,1,23231,20,Delivered,18584.8
51728,1426,58,2025-03-30,4,1187,10,Delivered,4273.2
51729,1941,1,2025-05-28,5,23231,10,Delivered,104539.5
51730,1044,7,2025-04-05,5,27430,5,Delivered,130292.5
51731,1091,88,2025-05-31,5,1747,0,Delivered,8735.0
51732,1929,69,2025-01-02,1,8955,5,Delivered,8507.25
51733,1828,85,2025-01-22,1,1329,0,Delivered,1329.0
51734,1470,92,2025-11-09,3,614,0,Cancelled,1842.0
51735,1605,18,2025-11-24,3,3891,0,Delivered,11673.0
51736,1467,88,2025-01-07,2,1747,10,Shipped,3144.6
51737,1851,32,2025-07-25,2,6594,20,Delivered,10550.4
51738,1454,45,2025-04-24,3,3163,15,Cancelled,8065.65
51739,1595,33,2025-09-29,1,2333,0,Shipped,2333.0
51740,1333,74,2025-03-24,4,4507,15,Delivered,15323.8
51741,1507,73,2025-06-28,3,8997,10,Delivered,24291.9
51742,1794,49,2025-07-29,1,523,10,Delivered,470.7
51743,1470,33,2025-11-24,3,2333,0,Cancelled,6999.0
51744,1021,71,2025-05-04,5,6182,5,Delivered,29364.5
51745,1228,68,2025-04-23,3,636,15,Delivered,1621.8
51746,1376,28,2025-01-12,5,11336,5,Delivered,53846.0
51747,1130,87,2025-05-06,1,3442,0,Cancelled,3442.0
51748,1687,53,2025-02-22,5,1998,5,Delivered,9490.5
51749,1620,96,2025-11-27,3,3341,0,Delivered,10023.0
51750,1414,44,2025-10-10,5,3638,10,Delivered,16371.0
51751,1795,80,2025-05-20,4,936,20,Delivered,2995.2
51752,1071,55,2025-04-07,5,1272,10,Delivered,5724.0
51753,1404,10,2025-01-05,5,2360,15,Delivered,10030.0
51754,1562,14,2025-02-26,2,30827,15,Delivered,52405.9
51755,1607,36,2025-11-30,4,602,0,Delivered,2408.0
51756,1791,34,2025-03-10,1,5777,0,Delivered,5777.0
51757,1397,88,2025-04-28,5,1747,5,Delivered,8298.25
51758,1337,18,2025-02-28,4,3891,0,Delivered,15564.0
51759,1644,16,2025-02-02,1,5503,10,Delivered,4952.7
51760,1505,37,2025-11-14,4,3372,0,Delivered,13488.0
51761,1910,41,2025-02-19,2,1300,5,Delivered,2470.0
51762,1276,25,2025-01-19,1,6352,5,Delivered,6034.4
51763,1892,8,2025-08-02,1,28761,10,Delivered,25884.9
51764,1013,88,2025-07-16,5,1747,10,Delivered,7861.5
51765,1003,84,2025-02-16,3,1636,20,Delivered,3926.4
51766,1986,94,2025-06-16,1,1737,5,Delivered,1650.15
51767,1986,84,2025-10-16,1,1636,10,Delivered,1472.4
51768,1978,18,2025-05-21,2,3891,0,Delivered,7782.0
51769,1224,68,2025-03-25,2,636,0,Delivered,1272.0
51770,1974,48,2025-07-01,2,1314,0,Delivered,2628.0
51771,1175,70,2025-03-20,5,5295,5,Delivered,25151.25
51772,1899,67,2025-08-03,1,607,10,Delivered,546.3
51773,1385,18,2025-01-14,2,3891,0,Shipped,7782.0
51774,1602,18,2025-08-03,2,3891,5,Delivered,7392.9
51775,1920,56,2025-05-08,4,345,0,Delivered,1380.0
51776,1241,23,2025-11-06,4,929,10,Delivered,3344.4
51777,1547,35,2025-09-05,2,2774,10,Delivered,4993.2
51778,1014,6,2025-01-29,5,4189,15,Delivered,17803.25
51779,1195,26,2025-10-07,3,2503,10,Shipped,6758.1
51780,1397,85,2025-12-04,4,1329,10,Delivered,4784.4
51781,1431,61,2025-11-15,4,1198,5,Delivered,4552.4
51782,1306,88,2025-07-21,1,1747,0,Delivered,1747.0
51783,1334,15,2025-12-27,1,48708,10,Cancelled,43837.2
51784,1725,91,2025-02-26,2,2159,10,Delivered,3886.2
51785,1410,32,2025-08-06,1,6594,20,Delivered,5275.2
51786,1003,12,2025-03-03,1,16882,20,Delivered,13505.6
51787,1691,5,2025-06-06,3,26815,15,Delivered,68378.25
51788,1552,64,2025-07-21,5,359,20,Delivered,1436.0
51789,1452,71,2025-01-17,2,6182,10,Cancelled,11127.6
51790,1676,86,2025-11-18,3,1725,0,Delivered,5175.0
51791,1819,27,2025-01-06,2,2239,0,Delivered,4478.0
51792,1747,79,2025-02-27,5,2930,15,Delivered,12452.5
51793,1769,45,2025-11-21,2,3163,0,Delivered,6326.0
51794,1872,35,2025-11-14,1,2774,0,Delivered,2774.0
51795,1495,26,2025-06-18,5,2503,5,Shipped,11889.25
51796,1417,23,2025-03-23,3,929,5,Cancelled,2647.65
51797,1391,13,2025-08-07,3,61115,10,Delivered,165010.5
51798,1373,90,2025-06-26,4,3812,10,Cancelled,13723.2
51799,1628,3,2025-07-23,3,51661,10,Delivered,139484.7
51800,1052,29,2025-03-12,4,9500,10,Delivered,34200.0
51801,1376,66,2025-09-23,1,4611,5,Delivered,4380.45
51802,1395,64,2025-04-08,3,359,0,Delivered,1077.0
51803,1923,28,2025-12-11,5,11336,20,Delivered,45344.0
51804,1142,87,2025-10-18,4,3442,5,Delivered,13079.6
51805,1086,36,2025-07-27,3,602,10,Shipped,1625.4
51806,1464,6,2025-01-02,1,4189,10,Delivered,3770.1
51807,1046,11,2025-05-04,5,29180,5,Delivered,138605.0
51808,1844,38,2025-10-07,5,3591,5,Cancelled,17057.25
51809,1238,34,2025-03-15,1,5777,5,Cancelled,5488.15
51810,1010,81,2025-06-15,3,995,0,Delivered,2985.0
51811,1664,67,2025-01-22,2,607,0,Delivered,1214.0
51812,1573,46,2025-06-03,3,4699,20,Shipped,11277.6
51813,1530,86,2025-10-22,4,1725,10,Shipped,6210.0
51814,1598,29,2025-08-07,4,9500,0,Delivered,38000.0
51815,1649,60,2025-06-06,3,1543,10,Delivered,4166.1
51816,1913,54,2025-08-18,4,1443,0,Cancelled,5772.0
51817,1742,93,2025-01-20,2,2505,5,Delivered,4759.5
51818,1640,69,2025-02-10,2,8955,15,Delivered,15223.5
51819,1616,74,2025-05-28,5,4507,15,Delivered,19154.75
51820,1698,74,2025-04-18,4,4507,10,Delivered,16225.2
51821,1909,9,2025-03-25,3,22088,20,Delivered,53011.2
51822,1178,85,2025-11-18,5,1329,20,Delivered,5316.0
51823,1869,77,2025-11-05,2,6497,10,Delivered,11694.6
51824,1006,10,2025-10-17,5,2360,20,Delivered,9440.0
51825,1853,75,2025-11-19,1,2226,10,Delivered,2003.4
51826,1307,68,2025-05-14,4,636,0,Delivered,2544.0
51827,1548,58,2025-07-26,3,1187,15,Delivered,3026.85
51828,1327,95,2025-10-10,2,2751,0,Delivered,5502.0
51829,1356,52,2025-09-23,5,644,5,Delivered,3059.0
51830,1793,34,2025-03-14,3,5777,5,Delivered,16464.45
51831,1395,35,2025-12-18,4,2774,15,Delivered,9431.6
51832,1300,33,2025-02-17,3,2333,0,Delivered,6999.0
51833,1526,72,2025-11-22,4,7974,5,Delivered,30301.2
51834,1749,32,2025-08-21,4,6594,5,Shipped,25057.2
51835,1285,55,2025-04-10,4,1272,10,Delivered,4579.2
51836,1330,8,2025-02-28,5,28761,5,Delivered,136614.75
51837,1050,46,2025-09-15,4,4699,10,Delivered,16916.4
51838,1773,14,2025-03-06,3,30827,20,Delivered,73984.8
51839,1968,8,2025-03-24,1,28761,0,Delivered,28761.0
51840,1622,71,2025-06-03,3,6182,15,Delivered,15764.1
51841,1709,77,2025-09-23,5,6497,5,Delivered,30860.75
51842,1378,54,2025-11-05,4,1443,5,Delivered,5483.4
51843,1764,21,2025-03-20,1,10532,10,Delivered,9478.8
51844,1600,96,2025-11-11,5,3341,20,Shipped,13364.0
51845,2000,75,2025-05-30,2,2226,0,Delivered,4452.0
51846,1825,14,2025-02-17,2,30827,10,Delivered,55488.6
51847,1538,75,2025-09-05,2,2226,0,Delivered,4452.0
51848,1774,2,2025-10-05,1,57785,10,Delivered,52006.5
51849,1144,61,2025-12-22,3,1198,10,Delivered,3234.6
51850,1060,17,2025-04-08,1,5032,0,Delivered,5032.0
51851,1868,78,2025-01-25,1,4659,15,Delivered,3960.15
51852,1780,89,2025-10-11,1,2795,5,Delivered,2655.25
51853,1075,48,2025-10-28,2,1314,10,Shipped,2365.2
51854,1003,91,2025-03-09,3,2159,10,Delivered,5829.3
51855,1575,8,2025-01-07,1,28761,10,Delivered,25884.9
51856,1748,56,2025-11-01,3,345,0,Delivered,1035.0
51857,1448,17,2025-05-17,4,5032,0,Delivered,20128.0
51858,1958,69,2025-06-13,1,8955,15,Delivered,7611.75
51859,1741,12,2025-03-24,1,16882,20,Cancelled,13505.6
51860,1902,38,2025-05-18,1,3591,10,Delivered,3231.9
51861,1275,18,2025-03-14,4,3891,10,Delivered,14007.6
51862,1530,26,2025-08-25,4,2503,15,Delivered,8510.2
51863,1592,95,2025-02-15,2,2751,5,Delivered,5226.9
51864,1215,37,2025-04-16,5,3372,5,Delivered,16017.0
51865,1683,70,2025-10-15,3,5295,15,Shipped,13502.25
51866,1485,41,2025-09-19,5,1300,0,Shipped,6500.0
51867,1329,79,2025-06-25,1,2930,15,Cancelled,2490.5
51868,1255,42,2025-06-15,1,1121,5,Delivered,1064.95
51869,1387,90,2025-05-25,2,3812,10,Delivered,6861.6
51870,1126,76,2025-11-26,5,8093,10,Cancelled,36418.5
51871,1767,41,2025-10-10,1,1300,5,Cancelled,1235.0
51872,1584,47,2025-02-23,5,2845,10,Shipped,12802.5
51873,1550,14,2025-06-27,2,30827,10,Shipped,55488.6
51874,1324,1,2025-09-01,5,23231,0,Delivered,116155.0
51875,1204,17,2025-12-07,3,5032,10,Delivered,13586.4
51876,1172,55,2025-05-07,2,1272,5,Delivered,2416.8
51877,1735,93,2025-09-28,5,2505,10,Delivered,11272.5
51878,1217,53,2025-05-12,1,1998,0,Delivered,1998.0
51879,1245,31,2025-04-03,4,5642,10,Shipped,20311.2
51880,1336,62,2025-03-14,4,1390,0,Shipped,5560.0
51881,1703,8,2025-09-05,2,28761,10,Delivered,51769.8
51882,1298,30,2025-12-14,4,1539,15,Delivered,5232.6
51883,1832,77,2025-09-30,3,6497,15,Delivered,16567.35
51884,1182,80,2025-02-12,2,936,15,Delivered,1591.2
51885,1334,66,2025-02-10,1,4611,5,Delivered,4380.45
51886,1511,45,2025-06-19,1,3163,20,Delivered,2530.4
51887,1383,18,2025-07-31,2,3891,0,Delivered,7782.0
51888,1717,45,2025-06-17,4,3163,5,Delivered,12019.4
51889,1873,19,2025-02-08,4,674,5,Delivered,2561.2
51890,1199,77,2025-09-02,1,6497,10,Delivered,5847.3
51891,1332,68,2025-05-31,3,636,15,Delivered,1621.8
51892,1165,83,2025-04-21,4,2484,15,Shipped,8445.6
51893,1242,50,2025-02-16,3,572,5,Delivered,1630.2
51894,1900,25,2025-03-04,4,6352,5,Delivered,24137.6
51895,1642,38,2025-08-13,2,3591,10,Delivered,6463.8
51896,1227,95,2025-03-10,5,2751,20,Cancelled,11004.0
51897,1634,36,2025-10-26,1,602,5,Delivered,571.9
51898,1556,68,2025-10-17,2,636,20,Delivered,1017.6
51899,1451,56,2025-10-23,4,345,10,Shipped,1242.0
51900,1196,39,2025-07-22,1,5508,10,Delivered,4957.2
51901,1870,63,2025-03-02,5,1576,5,Delivered,7486.0
51902,1204,7,2025-11-14,5,27430,15,Delivered,116577.5
51903,1979,58,2025-11-10,4,1187,20,Cancelled,3798.4
51904,1458,80,2025-06-10,1,936,0,Delivered,936.0
51905,1830,59,2025-11-27,4,1300,5,Shipped,4940.0
51906,1257,48,2025-01-16,5,1314,15,Delivered,5584.5
51907,1529,5,2025-12-04,2,26815,0,Delivered,53630.0
51908,1272,87,2025-04-04,2,3442,5,Delivered,6539.8
51909,1009,36,2025-10-31,3,602,0,Delivered,1806.0
51910,1761,96,2025-05-18,5,3341,10,Shipped,15034.5
51911,1949,88,2025-12-04,5,1747,0,Cancelled,8735.0
51912,1201,25,2025-02-07,4,6352,5,Shipped,24137.6
51913,1059,45,2025-05-07,3,3163,5,Cancelled,9014.55
51914,1887,92,2025-10-02,3,614,5,Delivered,1749.9
51915,1393,19,2025-06-13,1,674,10,Shipped,606.6
51916,1652,7,2025-11-15,4,27430,0,Delivered,109720.0
51917,1119,58,2025-03-18,2,1187,15,Delivered,2017.9
51918,1553,81,2025-06-23,1,995,5,Delivered,945.25
51919,1399,66,2025-12-24,3,4611,10,Delivered,12449.7
51920,1834,80,2025-11-17,2,936,10,Cancelled,1684.8
51921,1331,39,2025-04-01,5,5508,0,Delivered,27540.0
51922,1267,18,2025-08-26,4,3891,15,Cancelled,13229.4
51923,1520,1,2025-09-21,3,23231,20,Delivered,55754.4
51924,1695,63,2025-06-28,5,1576,10,Shipped,7092.0
51925,1480,3,2025-07-28,3,51661,5,Delivered,147233.85
51926,1134,21,2025-03-14,2,10532,15,Delivered,17904.4
51927,1693,30,2025-04-17,1,1539,10,Delivered,1385.1
51928,1916,11,2025-12-11,2,29180,10,Delivered,52524.0
51929,1935,22,2025-10-22,4,5843,20,Delivered,18697.6
51930,1355,57,2025-10-11,4,2489,10,Delivered,8960.4
51931,1584,89,2025-12-19,3,2795,0,Delivered,8385.0
51932,1498,3,2025-07-01,2,51661,0,Delivered,103322.0
51933,1625,30,2025-02-06,1,1539,5,Delivered,1462.05
51934,1107,88,2025-05-17,4,1747,10,Delivered,6289.2
51935,1290,45,2025-12-04,1,3163,0,Cancelled,3163.0
51936,1825,36,2025-02-25,5,602,0,Delivered,3010.0
51937,1629,87,2025-07-06,3,3442,20,Shipped,8260.8
51938,1632,72,2025-12-07,1,7974,5,Delivered,7575.3
51939,1147,64,2025-09-15,3,359,5,Cancelled,1023.15
51940,1327,54,2025-02-27,5,1443,0,Delivered,7215.0
51941,1415,68,2025-12-29,1,636,5,Delivered,604.2
51942,1210,50,2025-05-03,1,572,5,Delivered,543.4
51943,1296,31,2025-07-07,5,5642,20,Delivered,22568.0
51944,1398,29,2025-08-18,2,9500,15,Delivered,16150.0
51945,1103,59,2025-06-17,1,1300,0,Delivered,1300.0
51946,1636,36,2025-04-24,1,602,10,Delivered,541.8
51947,1757,77,2025-09-09,4,6497,10,Delivered,23389.2
51948,1508,73,2025-04-17,2,8997,5,Delivered,17094.3
51949,1891,85,2025-02-06,1,1329,5,Delivered,1262.55
51950,1868,67,2025-12-01,5,607,20,Delivered,2428.0
51951,1209,89,2025-04-02,3,2795,15,Delivered,7127.25
51952,1933,89,2025-01-18,5,2795,5,Delivered,13276.25
51953,1428,76,2025-12-20,2,8093,10,Delivered,14567.4
51954,1393,93,2025-03-04,4,2505,10,Delivered,9018.0
51955,1826,11,2025-05-30,4,29180,5,Delivered,110884.0
51956,1916,11,2025-05-19,4,29180,5,Delivered,110884.0
51957,1109,26,2025-07-05,5,2503,5,Delivered,11889.25
51958,1889,53,2025-07-04,3,1998,0,Cancelled,5994.0
51959,1348,14,2025-07-24,3,30827,20,Delivered,73984.8
51960,1050,64,2025-09-17,1,359,0,Delivered,359.0
51961,1916,80,2025-08-02,3,936,10,Delivered,2527.2
51962,1105,10,2025-09-13,3,2360,20,Cancelled,5664.0
51963,1420,31,2025-05-15,1,5642,5,Delivered,5359.9
51964,1373,95,2025-03-02,5,2751,5,Delivered,13067.25
51965,1027,36,2025-12-29,5,602,20,Delivered,2408.0
51966,1968,10,2025-11-06,2,2360,15,Delivered,4012.0
51967,1800,26,2025-03-29,5,2503,10,Delivered,11263.5
51968,1769,20,2025-11-20,4,3455,10,Delivered,12438.0
51969,1273,44,2025-07-26,4,3638,5,Cancelled,13824.4
51970,1649,62,2025-05-09,2,1390,10,Cancelled,2502.0
51971,1340,73,2025-11-07,3,8997,10,Cancelled,24291.9
51972,1301,79,2025-01-03,2,2930,0,Delivered,5860.0
51973,1480,9,2025-08-30,1,22088,0,Delivered,22088.0
51974,1834,71,2025-05-01,2,6182,5,Delivered,11745.8
51975,1544,90,2025-04-12,2,3812,5,Shipped,7242.8
51976,1557,24,2025-02-07,4,9772,20,Delivered,31270.4
51977,1265,12,2025-12-07,1,16882,10,Shipped,15193.8
51978,1542,60,2025-05-13,1,1543,5,Cancelled,1465.85
51979,1596,84,2025-07-21,2,1636,15,Delivered,2781.2
51980,1166,78,2025-12-14,1,4659,5,Delivered,4426.05
51981,1316,86,2025-01-21,1,1725,20,Delivered,1380.0
51982,1001,16,2025-08-30,5,5503,15,Delivered,23387.75
51983,1761,29,2025-04-19,1,9500,15,Delivered,8075.0
51984,1261,32,2025-10-30,3,6594,5,Delivered,18792.9
51985,1063,83,2025-03-25,1,2484,0,Delivered,2484.0
51986,1483,35,2025-03-24,4,2774,5,Delivered,10541.2
51987,1676,43,2025-10-18,5,2490,5,Delivered,11827.5
51988,1321,96,2025-03-10,4,3341,15,Shipped,11359.4
51989,1846,53,2025-05-09,4,1998,0,Delivered,7992.0
51990,1201,20,2025-07-15,3,3455,10,Delivered,9328.5
51991,1222,84,2025-05-20,5,1636,10,Delivered,7362.0
51992,1152,8,2025-10-10,2,28761,5,Delivered,54645.9
51993,1644,42,2025-11-08,1,1121,0,Delivered,1121.0
51994,1626,77,2025-08-22,3,6497,15,Delivered,16567.35
51995,1462,70,2025-01-23,3,5295,0,Delivered,15885.0
51996,1217,16,2025-06-02,2,5503,5,Delivered,10455.7
51997,1196,69,2025-10-04,3,8955,15,Delivered,22835.25
51998,1793,53,2025-03-02,2,1998,10,Delivered,3596.4
51999,1202,45,2025-11-15,2,3163,10,Delivered,5693.4
52000,1995,51,2025-02-21,2,1643,15,Delivered,2793.1
